Date,Open,High,Low,Close,Volume
2002-04-12,24.58,25.45,24.5,25.4,95800
2002-04-15,25.4,25.45,20.58,20.89,751000
2002-04-16,21.6,21.74,20.6,20.91,682400
2002-04-17,21.5,21.5,19.28,20.1,716700
2002-04-18,20.25,21.1,20.25,20.9,187900
2002-04-19,21.75,21.75,20.6,20.84,207900
2002-04-22,21.05,21.25,20.65,21.03,170800
2002-04-23,21.28,21.64,20.85,20.99,101400
2002-04-24,21.0,21.06,20.56,20.56,121300
2002-04-25,21.0,21.04,20.5,20.5,69200
2002-04-26,20.7,21.25,20.65,21.22,269800
2002-04-29,21.35,21.65,21.3,21.59,312000
2002-04-30,21.59,22.3,21.51,22.25,189800
2002-05-01,22.4,23.0,22.18,23.0,399000
2002-05-02,23.1,23.7,23.04,23.57,236400
2002-05-03,23.58,23.59,22.2,22.8,246600
2002-05-06,22.95,22.95,22.3,22.3,134300
2002-05-07,22.3,22.3,21.86,21.95,105200
2002-05-08,22.15,22.8,21.5,22.08,153700
2002-05-09,22.2,22.45,21.95,22.2,102200
2002-05-10,22.0,22.1,21.91,22.05,32700
2002-05-13,22.3,22.3,21.79,22.11,118500
2002-05-14,22.36,22.57,22.33,22.53,83300
2002-05-15,22.28,23.15,22.25,22.97,113500
2002-05-16,22.97,22.97,22.48,22.69,62800
2002-05-17,22.65,23.0,22.52,22.53,71900
2002-05-20,22.75,22.78,22.0,22.6,48200
2002-05-21,22.55,22.78,22.3,22.63,124100
2002-05-22,22.53,22.53,22.05,22.5,109100
2002-05-23,22.5,22.59,22.26,22.56,110000
2002-05-24,22.56,22.56,22.0,22.45,74200
2002-05-28,22.46,22.65,22.33,22.65,163900
2002-05-29,22.4,22.56,22.35,22.52,70500
2002-05-30,22.52,22.62,22.3,22.5,281900
2002-05-31,22.4,22.89,22.3,22.89,75600
2002-06-03,22.65,22.89,21.97,22.31,86300
2002-06-04,22.3,22.3,21.72,21.82,55500
2002-06-05,21.82,21.9,21.19,21.43,93500
2002-06-06,21.5,21.51,21.0,21.19,84200
2002-06-07,21.1,21.34,20.7,21.2,81100
2002-06-10,21.1,21.28,21.1,21.27,61000
2002-06-11,21.2,21.21,20.15,20.3,203700
2002-06-12,20.25,20.3,19.75,20.1,254100
2002-06-13,19.9,19.9,19.6,19.75,135000
2002-06-14,19.4,20.44,19.4,20.44,121900
2002-06-17,20.44,20.44,19.7,20.1,140700
2002-06-18,20.1,20.38,20.1,20.16,90500
2002-06-19,20.17,20.4,19.88,19.88,77700
2002-06-20,19.89,20.0,19.3,19.37,120300
2002-06-21,19.3,19.31,18.7,19.06,141700
2002-06-24,19.09,19.3,18.8,18.87,253100
2002-06-25,18.95,19.25,18.88,18.88,87800
2002-06-26,18.72,18.85,18.31,18.8,102700
2002-06-27,18.9,19.1,18.55,19.0,87400
2002-06-28,19.0,19.1,18.4,18.81,521700
2002-07-01,19.2,19.2,18.56,18.8,216400
2002-07-02,18.8,18.97,18.0,18.25,203100
2002-07-03,18.15,18.5,17.96,18.32,76300
2002-07-05,18.37,19.1,18.37,19.0,25800
2002-07-08,19.1,19.35,19.05,19.28,86600
2002-07-09,19.28,19.28,18.8,18.8,83400
2002-07-10,18.8,18.97,18.57,18.7,112000
2002-07-11,18.7,18.72,17.47,18.67,289000
2002-07-12,18.67,18.74,18.15,18.74,114300
2002-07-15,18.94,18.94,17.55,18.2,320200
2002-07-16,18.2,18.2,17.4,17.46,240600
2002-07-17,17.47,17.76,15.85,16.05,806600
2002-07-18,16.05,17.0,16.0,16.46,231300
2002-07-19,16.25,16.85,15.67,16.85,316800
2002-07-22,16.6,16.6,15.85,15.95,210800
2002-07-23,15.96,16.19,15.26,15.82,258700
2002-07-24,15.82,17.01,15.45,17.0,233400
2002-07-25,17.01,17.05,16.01,16.3,265700
2002-07-26,16.3,16.6,15.8,16.32,161800
2002-07-29,16.42,17.22,16.4,17.15,262300
2002-07-30,17.15,17.26,16.65,17.1,242500
2002-07-31,17.1,17.42,16.56,17.42,247100
2002-08-01,17.4,17.41,16.6,16.68,261400
2002-08-02,16.68,16.75,16.0,16.3,129800
2002-08-05,16.3,16.37,15.35,15.41,203600
2002-08-06,15.75,16.0,15.46,15.47,422600
2002-08-07,15.47,15.95,15.38,15.76,199500
2002-08-08,15.76,16.35,15.41,16.3,161600
2002-08-09,16.0,16.18,15.81,16.1,244400
2002-08-12,15.5,16.09,15.5,16.09,303900
2002-08-13,16.09,16.24,15.9,15.96,162700
2002-08-14,16.05,16.5,15.51,16.5,189600
2002-08-15,16.75,16.78,16.4,16.55,138000
2002-08-16,16.55,17.59,16.45,17.5,237700
2002-08-19,17.0,17.78,17.0,17.51,395400
2002-08-20,17.52,17.52,16.9,17.08,194600
2002-08-21,17.08,17.1,16.84,17.08,88400
2002-08-22,17.09,17.32,16.9,17.25,93600
2002-08-23,17.3,17.3,16.67,16.73,67500
2002-08-26,16.98,17.15,16.96,17.09,86800
2002-08-27,17.2,17.4,16.8,16.87,77200
2002-08-28,16.72,16.73,16.48,16.5,69600
2002-08-29,16.5,17.86,16.5,17.31,553500
2002-08-30,17.25,17.26,16.66,17.0,247700
2002-09-03,16.85,16.9,15.7,16.1,299900
2002-09-04,16.25,16.4,16.0,16.2,199300
2002-09-05,15.95,15.99,15.67,15.81,239000
2002-09-06,15.84,16.4,15.84,16.2,108800
2002-09-09,16.0,16.69,15.75,16.6,176600
2002-09-10,16.7,16.7,16.0,16.18,67400
2002-09-11,16.18,16.24,16.0,16.14,105400
2002-09-12,15.94,16.2,15.7,15.7,255100
2002-09-13,15.71,15.9,15.49,15.78,120800
2002-09-16,15.8,15.8,15.35,15.59,177200
2002-09-17,15.7,15.81,15.4,15.49,81400
2002-09-18,15.24,15.38,15.08,15.35,110900
2002-09-19,15.2,15.55,15.04,15.05,230000
2002-09-20,15.1,15.14,14.5,14.63,228600
2002-09-23,14.64,14.64,14.02,14.13,392500
2002-09-24,14.03,14.14,13.65,13.91,372100
2002-09-25,13.99,14.05,13.86,14.0,317800
2002-09-26,14.0,14.5,14.0,14.44,210600
2002-09-27,14.34,14.35,13.89,13.95,247600
2002-09-30,13.95,13.96,12.73,13.15,570500
2002-10-01,13.2,13.88,13.05,13.76,289000
2002-10-02,13.76,13.88,13.12,13.3,145500
2002-10-03,13.2,13.23,12.5,12.6,528500
2002-10-04,12.5,12.5,11.65,12.08,413000
2002-10-07,12.5,12.5,11.5,11.67,275800
2002-10-08,11.67,12.24,11.01,12.14,563300
2002-10-09,12.0,12.01,11.45,11.85,415500
2002-10-10,11.75,12.35,11.68,12.2,272400
2002-10-11,12.95,13.29,12.4,12.85,287200
2002-10-14,12.85,13.05,12.66,12.78,211100
2002-10-15,13.04,13.56,12.4,12.7,1020600
2002-10-16,11.9,12.26,11.5,12.12,750800
2002-10-17,12.6,13.5,12.4,12.54,494700
2002-10-18,12.54,12.84,12.23,12.84,167400
2002-10-21,12.82,13.32,12.4,13.15,218100
2002-10-22,13.05,13.07,12.76,13.07,155400
2002-10-23,13.15,13.15,12.76,12.94,122400
2002-10-24,13.04,13.27,12.85,13.0,187500
2002-10-25,13.0,13.27,12.9,13.24,153800
2002-10-28,13.24,13.27,12.95,13.19,121700
2002-10-29,13.19,13.19,12.55,12.98,143700
2002-10-30,12.99,13.34,12.8,13.1,75900
2002-10-31,13.39,13.59,13.23,13.57,98800
2002-11-01,13.57,13.57,13.26,13.5,113000
2002-11-04,13.8,14.29,13.77,14.0,281300
2002-11-05,13.91,13.94,13.26,13.54,185800
2002-11-06,13.64,13.73,13.0,13.5,300100
2002-11-07,13.5,13.5,12.94,13.05,152500
2002-11-08,13.05,13.12,12.95,12.99,110400
2002-11-11,12.99,12.99,12.6,12.69,82700
2002-11-12,12.79,12.79,12.62,12.77,91200
2002-11-13,12.1,12.15,11.32,12.06,634500
2002-11-14,12.26,12.68,12.08,12.54,158000
2002-11-15,12.64,12.64,12.41,12.54,146600
2002-11-18,12.52,12.61,12.3,12.4,70700
2002-11-19,12.4,12.72,12.12,12.36,192600
2002-11-20,12.4,12.43,12.05,12.37,128700
2002-11-21,12.47,13.3,12.45,13.03,168800
2002-11-22,13.05,13.6,12.98,13.41,191500
2002-11-25,13.51,13.84,13.43,13.71,137500
2002-11-26,13.68,13.68,13.04,13.12,127500
2002-11-27,13.22,13.82,13.22,13.68,86700
2002-11-29,13.7,13.7,13.5,13.5,56900
2002-12-02,13.55,13.95,13.45,13.49,254900
2002-12-03,13.69,13.69,13.03,13.45,187000
2002-12-04,13.4,13.75,13.0,13.08,310900
2002-12-05,13.12,13.3,13.01,13.15,104000
2002-12-06,13.15,13.49,13.02,13.49,162300
2002-12-09,13.39,13.4,12.96,12.97,164000
2002-12-10,13.15,13.34,13.1,13.31,101800
2002-12-11,13.41,13.41,13.19,13.25,142000
2002-12-12,13.25,13.55,13.15,13.36,245100
2002-12-13,13.3,13.39,13.15,13.25,136700
2002-12-16,13.26,13.47,13.26,13.46,128800
2002-12-17,13.36,13.53,13.19,13.2,124900
2002-12-18,13.26,13.64,13.23,13.34,323700
2002-12-19,13.28,13.57,13.2,13.28,98500
2002-12-20,13.18,13.66,13.17,13.6,216500
2002-12-23,13.78,13.8,13.6,13.8,118000
2002-12-24,13.75,13.99,13.74,13.99,101200
2002-12-26,14.0,14.1,13.76,13.84,62700
2002-12-27,13.78,13.9,13.7,13.77,85500
2002-12-30,13.76,13.8,13.46,13.55,151200
2002-12-31,13.55,13.81,13.45,13.5,170600
2003-01-02,13.5,13.78,13.25,13.7,246800
2003-01-03,13.8,14.3,13.8,14.29,132900
2003-01-06,14.39,15.18,14.35,15.12,322800
2003-01-07,15.12,15.58,15.05,15.51,355500
2003-01-08,15.51,15.53,15.01,15.2,166500
2003-01-09,15.2,15.2,14.69,14.97,222400
2003-01-10,14.97,15.99,14.97,15.9,407200
2003-01-13,15.9,16.0,15.51,15.51,328900
2003-01-14,15.4,15.6,14.86,14.99,287400
2003-01-15,14.99,14.99,14.25,14.76,250100
2003-01-16,14.66,14.97,14.32,14.88,218600
2003-01-17,14.74,14.74,14.13,14.29,141400
2003-01-21,14.5,14.61,14.34,14.45,131800
2003-01-22,14.46,14.46,13.77,13.79,191900
2003-01-23,13.89,14.51,13.87,14.44,187700
2003-01-24,14.5,14.5,14.0,14.23,141200
2003-01-27,14.15,14.18,13.77,13.9,179500
2003-01-28,14.3,14.3,14.0,14.16,108700
2003-01-29,14.06,14.33,14.01,14.33,93500
2003-01-30,14.43,14.56,14.21,14.22,164200
2003-01-31,14.22,14.75,14.18,14.75,144700
2003-02-03,14.99,14.99,14.4,14.71,194800
2003-02-04,14.71,14.71,14.1,14.26,120700
2003-02-05,14.32,14.6,14.16,14.25,115100
2003-02-06,14.26,14.26,14.04,14.11,107600
2003-02-07,14.2,14.32,14.05,14.25,93300
2003-02-10,14.26,14.75,14.13,14.7,181400
2003-02-11,14.7,14.76,14.51,14.67,119400
2003-02-12,14.74,14.89,14.52,14.55,142200
2003-02-13,14.73,14.73,14.25,14.33,135000
2003-02-14,14.4,14.44,14.25,14.41,91800
2003-02-18,14.58,15.06,14.58,14.85,179500
2003-02-19,14.9,15.0,14.56,14.86,210900
2003-02-20,14.88,15.06,14.87,14.95,111800
2003-02-21,14.95,15.43,14.95,15.38,203800
2003-02-24,15.38,15.5,15.17,15.3,156000
2003-02-25,15.39,15.39,15.0,15.21,126500
2003-02-26,15.15,15.18,15.0,15.1,105600
2003-02-27,15.09,15.42,15.09,15.42,123900
2003-02-28,15.35,15.84,15.35,15.75,282900
2003-03-03,16.5,17.12,15.8,16.1,1045100
2003-03-04,16.05,16.05,15.26,15.45,384700
2003-03-05,15.35,15.36,14.84,15.2,447000
2003-03-06,15.2,15.37,14.87,15.1,157100
2003-03-07,15.1,15.5,14.93,15.45,163700
2003-03-10,15.4,15.41,15.01,15.02,102800
2003-03-11,15.0,15.0,14.75,14.87,129000
2003-03-12,14.89,14.99,14.7,14.75,113700
2003-03-13,14.85,15.05,14.57,14.85,164000
2003-03-14,15.1,15.1,14.6,14.69,193600
2003-03-17,14.59,15.2,14.55,15.2,425900
2003-03-18,15.25,15.3,15.03,15.14,323100
2003-03-19,15.14,15.22,14.92,15.22,298400
2003-03-20,15.21,15.21,14.9,15.0,323500
2003-03-21,15.04,15.6,15.04,15.56,270300
2003-03-24,15.36,15.36,14.97,15.2,124200
2003-03-25,15.25,15.75,15.2,15.74,269700
2003-03-26,15.74,15.74,14.7,15.04,634900
2003-03-27,14.98,15.39,14.91,15.38,502900
2003-03-28,15.36,15.57,15.26,15.57,146900
2003-03-31,15.5,15.8,15.13,15.66,240800
2003-04-01,15.6,15.73,15.39,15.6,150200
2003-04-02,15.75,16.15,15.66,16.15,159000
2003-04-03,16.05,16.08,15.67,16.05,117800
2003-04-04,16.0,16.08,15.8,16.04,136100
2003-04-07,16.2,16.47,16.1,16.3,134700
2003-04-08,16.3,16.4,16.0,16.2,117900
2003-04-09,16.25,16.25,16.05,16.15,155900
2003-04-10,16.25,16.25,15.91,16.15,97400
2003-04-11,16.35,16.45,16.09,16.16,139000
2003-04-14,16.16,16.7,16.16,16.65,239000
2003-04-15,16.62,17.05,16.6,17.05,159000
2003-04-16,17.28,17.65,17.21,17.43,349200
2003-04-17,17.35,17.59,17.3,17.59,220500
2003-04-21,17.49,17.8,17.35,17.8,293100
2003-04-22,17.73,18.42,17.62,18.39,233300
2003-04-23,18.39,18.69,18.2,18.64,247000
2003-04-24,18.5,18.8,18.32,18.8,245300
2003-04-25,18.75,18.8,18.46,18.7,200300
2003-04-28,18.6,18.72,18.45,18.7,112200
2003-04-29,18.69,18.69,18.21,18.5,117700
2003-04-30,18.5,18.59,18.09,18.5,107500
2003-05-01,18.45,18.85,18.22,18.8,148900
2003-05-02,18.66,19.0,18.52,18.98,68000
2003-05-05,18.9,18.9,18.64,18.66,102900
2003-05-06,18.56,19.19,18.25,19.11,281800
2003-05-07,19.05,19.12,19.0,19.01,117100
2003-05-08,18.9,18.9,18.4,18.68,256000
2003-05-09,18.65,18.88,18.6,18.81,77800
2003-05-12,18.75,19.05,18.61,19.05,108000
2003-05-13,19.0,19.16,18.8,19.16,105500
2003-05-14,19.14,19.3,19.06,19.3,70800
2003-05-15,19.25,19.49,19.21,19.49,84200
2003-05-16,19.44,20.0,19.34,20.0,146400
2003-05-19,19.95,19.95,18.84,19.1,257500
2003-05-20,19.45,19.45,19.06,19.28,134100
2003-05-21,19.29,19.3,19.05,19.21,71700
2003-05-22,19.15,19.17,18.95,19.0,82400
2003-05-23,18.9,19.73,18.9,19.41,276300
2003-05-27,19.6,20.1,19.43,20.1,170800
2003-05-28,20.05,20.6,19.75,20.38,156900
2003-05-29,20.38,20.78,20.35,20.7,123500
2003-05-30,20.7,20.8,20.5,20.79,215900
2003-06-02,20.79,21.53,20.79,21.4,321800
2003-06-03,21.15,21.4,21.02,21.38,156300
2003-06-04,21.45,22.0,21.31,21.96,239800
2003-06-05,22.15,22.32,21.65,22.25,216200
2003-06-06,22.85,22.9,22.4,22.55,218100
2003-06-09,22.8,22.8,21.3,21.5,272500
2003-06-10,21.75,22.13,21.56,21.86,145500
2003-06-11,22.3,22.52,22.03,22.5,205000
2003-06-12,23.05,23.05,22.55,22.76,207000
2003-06-13,22.76,22.76,22.24,22.4,256500
2003-06-16,22.49,23.13,22.35,23.0,282500
2003-06-17,23.2,23.2,22.85,22.98,236400
2003-06-18,22.8,23.08,22.64,23.01,437100
2003-06-19,23.06,23.08,22.64,22.65,193100
2003-06-20,23.0,23.1,22.55,23.0,299000
2003-06-23,23.07,23.12,21.96,22.1,234800
2003-06-24,22.2,22.68,22.2,22.4,181700
2003-06-25,22.48,22.52,21.99,22.2,103600
2003-06-26,22.2,22.25,21.85,22.23,175100
2003-06-27,22.17,22.36,22.06,22.27,71200
2003-06-30,22.27,22.6,22.26,22.3,257300
2003-07-01,22.35,22.49,21.51,22.47,234100
2003-07-02,22.41,22.65,22.22,22.5,222800
2003-07-03,22.4,22.74,22.3,22.55,150300
2003-07-07,22.55,23.5,22.55,23.18,337500
2003-07-08,23.3,23.85,22.87,23.68,184900
2003-07-09,23.5,23.6,23.28,23.59,179500
2003-07-10,23.5,23.6,23.0,23.06,139400
2003-07-11,23.0,23.35,22.91,23.02,60600
2003-07-14,23.22,24.0,23.22,23.96,160400
2003-07-15,24.0,24.25,23.27,23.78,280700
2003-07-16,23.0,23.2,22.15,23.0,412800
2003-07-17,22.75,22.85,22.6,22.71,230300
2003-07-18,22.7,23.6,22.55,23.55,212100
2003-07-21,23.48,23.48,22.61,23.03,330500
2003-07-22,22.9,23.86,22.74,23.49,329100
2003-07-23,23.35,23.75,23.21,23.57,69500
2003-07-24,23.61,23.69,23.15,23.3,88400
2003-07-25,23.3,23.84,23.3,23.76,149400
2003-07-28,23.41,23.89,23.33,23.6,104400
2003-07-29,23.8,23.8,23.25,23.43,60200
2003-07-30,22.53,23.32,22.53,23.26,220800
2003-07-31,23.51,23.95,23.15,23.2,161100
2003-08-01,23.45,23.79,23.25,23.5,156200
2003-08-04,23.61,23.73,23.21,23.46,94200
2003-08-05,23.46,23.78,23.35,23.65,204800
2003-08-06,23.55,23.56,23.05,23.4,69500
2003-08-07,23.3,23.7,23.0,23.7,71200
2003-08-08,23.69,23.79,23.55,23.65,57900
2003-08-11,23.75,23.95,23.61,23.67,61900
2003-08-12,23.77,24.45,23.77,24.3,145700
2003-08-13,24.4,24.42,24.16,24.28,195600
2003-08-14,24.35,24.62,24.25,24.6,104800
2003-08-15,24.54,24.85,24.33,24.42,38900
2003-08-18,24.5,25.1,24.15,24.85,110200
2003-08-19,24.85,24.85,24.57,24.83,66500
2003-08-20,24.7,24.95,24.4,24.7,91700
2003-08-21,24.8,25.19,24.75,25.05,174900
2003-08-22,25.05,25.23,24.45,24.53,66400
2003-08-25,24.53,24.72,24.29,24.72,64700
2003-08-26,24.7,24.91,24.66,24.88,36200
2003-08-27,24.87,25.01,24.85,24.96,58500
2003-08-28,24.9,25.25,24.81,25.16,180200
2003-08-29,25.2,25.49,25.15,25.24,60700
2003-09-02,25.34,26.19,25.34,26.18,387700
2003-09-03,26.1,26.82,26.0,26.8,167400
2003-09-04,26.6,26.9,26.21,26.8,293100
2003-09-05,26.86,26.9,26.41,26.65,184200
2003-09-08,26.55,26.75,26.3,26.43,104800
2003-09-09,26.47,26.5,25.76,26.28,207400
2003-09-10,26.26,26.33,25.47,25.68,161800
2003-09-11,25.83,25.93,25.5,25.93,64700
2003-09-12,25.78,26.23,25.64,26.23,68100
2003-09-15,26.1,26.29,25.44,25.55,96300
2003-09-16,25.5,26.0,25.32,25.87,135100
2003-09-17,25.86,26.01,25.67,25.82,38400
2003-09-18,26.15,26.15,26.15,26.15,0
2003-09-19,26.15,26.75,26.05,26.7,116000
2003-09-22,26.4,26.59,26.1,26.2,90100
2003-09-23,26.1,26.47,25.95,26.3,67100
2003-09-24,26.2,26.28,25.9,26.08,97000
2003-09-25,25.91,25.91,25.91,25.91,0
2003-09-26,25.91,26.45,25.29,26.43,319800
2003-09-29,26.5,26.99,26.05,26.77,170000
2003-09-30,26.77,26.77,26.08,26.35,312800
2003-10-01,26.21,27.2,26.21,27.0,203200
2003-10-02,26.99,26.99,26.99,26.99,0
2003-10-03,27.4,27.41,27.0,27.13,136100
2003-10-06,27.38,27.64,27.0,27.64,247900
2003-10-07,27.54,28.08,27.31,28.05,237100
2003-10-08,28.15,28.15,27.58,27.95,166000
2003-10-09,28.16,28.16,28.16,28.16,0
2003-10-10,28.3,28.58,28.2,28.46,179500
2003-10-13,28.55,29.08,28.4,29.08,129700
2003-10-14,29.25,29.47,28.55,28.92,309100
2003-10-15,28.5,28.51,26.89,27.24,865000
2003-10-16,27.39,27.39,27.39,27.39,0
2003-10-17,27.45,27.55,26.66,26.76,199800
2003-10-20,26.86,26.86,26.19,26.84,241500
2003-10-21,26.84,26.84,26.15,26.15,291700
2003-10-22,25.9,25.9,25.9,25.9,0
2003-10-23,25.85,26.07,25.64,25.96,152500
2003-10-24,25.97,26.27,25.76,25.98,140100
2003-10-27,26.48,26.98,26.4,26.7,179600
2003-10-28,26.75,27.51,26.75,27.51,238400
2003-10-29,27.61,27.9,27.5,27.58,113200
2003-10-30,27.6,27.6,27.6,27.6,0
2003-10-31,27.7,27.82,27.48,27.58,96000
2003-11-03,27.63,28.1,27.63,28.08,161000
2003-11-04,28.03,28.12,27.86,28.09,172700
2003-11-05,28.24,28.24,27.43,27.72,171900
2003-11-06,28.13,28.13,28.13,28.13,0
2003-11-07,28.38,28.6,28.15,28.6,96000
2003-11-10,28.75,28.75,28.31,28.47,70500
2003-11-11,28.6,28.72,28.26,28.45,89000
2003-11-12,28.35,28.85,28.35,28.85,66200
2003-11-13,28.85,28.85,28.85,28.85,0
2003-11-14,28.98,29.07,28.89,29.0,139000
2003-11-17,29.0,29.27,28.8,29.19,286600
2003-11-18,29.35,29.35,28.86,28.95,131200
2003-11-19,28.85,29.07,28.54,29.0,170500
2003-11-20,28.26,28.26,28.26,28.26,0
2003-11-21,28.42,28.42,27.89,27.99,98500
2003-11-24,28.49,28.49,28.49,28.49,0
2003-11-25,28.74,28.75,28.54,28.75,55700
2003-11-26,29.0,29.06,28.75,29.02,50800
2003-11-28,29.04,29.35,29.0,29.17,34500
2003-12-01,29.27,29.87,29.27,29.8,151700
2003-12-02,29.85,30.02,29.52,29.8,140100
2003-12-03,29.95,29.98,29.54,29.56,86500
2003-12-04,29.09,29.09,29.09,29.09,0
2003-12-05,29.09,29.24,28.95,29.12,75400
2003-12-08,29.22,29.22,28.85,28.9,103900
2003-12-09,29.15,29.2,28.85,29.07,87000
2003-12-10,29.22,29.23,28.8,28.96,165400
2003-12-11,29.68,29.68,29.68,29.68,0
2003-12-12,29.83,30.18,29.8,30.15,204600
2003-12-15,30.25,30.5,29.57,29.69,201000
2003-12-16,29.78,30.2,29.72,30.2,168200
2003-12-17,30.2,30.21,29.22,29.34,221700
2003-12-18,30.1,30.1,30.1,30.1,0
2003-12-19,30.3,30.36,29.62,29.87,116200
2003-12-22,30.11,30.17,29.5,29.94,171000
2003-12-23,30.0,30.34,29.67,30.33,156800
2003-12-24,30.33,30.49,30.31,30.46,54100
2003-12-26,30.5,30.86,30.46,30.76,43100
2003-12-29,30.96,31.1,30.78,31.1,102200
2003-12-30,31.1,31.1,31.1,31.1,0
2003-12-31,31.09,31.5,30.92,31.13,82800
2004-01-02,30.68,31.14,30.47,30.57,181600
2004-01-05,30.25,31.27,30.25,30.82,273200
2004-01-06,30.82,30.9,30.6,30.9,364400
2004-01-07,30.75,31.0,30.73,30.88,239100
2004-01-08,30.84,30.84,30.84,30.84,0
2004-01-09,30.54,30.8,30.51,30.68,100600
2004-01-12,30.73,30.78,30.35,30.63,109000
2004-01-13,30.44,30.66,30.05,30.23,159500
2004-01-14,30.13,30.54,29.85,30.39,200300
2004-01-15,30.39,30.46,29.51,30.2,393800
2004-01-16,30.27,30.27,29.67,29.8,197500
2004-01-20,29.99,30.34,29.74,29.99,439900
2004-01-21,25.75,25.8,23.25,23.68,3689000
2004-01-22,24.64,24.64,24.64,24.64,0
2004-01-23,24.61,24.8,23.33,23.35,622600
2004-01-26,23.36,23.5,23.03,23.39,447500
2004-01-27,23.55,23.59,23.05,23.05,241900
2004-01-28,23.02,23.4,23.0,23.04,189400
2004-01-29,23.01,23.01,23.01,23.01,0
2004-01-30,22.85,23.06,22.7,22.85,215300
2004-02-02,22.66,22.94,22.1,22.68,466700
2004-02-03,22.3,22.69,22.12,22.39,305000
2004-02-04,22.31,22.31,21.87,22.01,371400
2004-02-05,22.52,22.52,22.52,22.52,0
2004-02-06,22.62,23.08,22.55,22.97,242300
2004-02-09,22.76,23.08,22.46,22.72,240400
2004-02-10,22.78,23.23,22.76,23.08,167800
2004-02-11,23.09,23.12,22.65,22.8,380800
2004-02-12,22.5,22.5,22.5,22.5,0
2004-02-13,22.5,22.8,22.07,22.27,139600
2004-02-17,22.38,22.85,22.34,22.85,268000
2004-02-18,22.75,22.83,22.11,22.19,231200
2004-02-19,22.09,22.09,22.09,22.09,0
2004-02-20,22.1,22.1,21.6,21.68,114300
2004-02-23,21.67,21.72,21.4,21.62,149100
2004-02-24,21.37,21.37,20.91,21.19,223400
2004-02-25,21.31,21.31,20.82,20.96,182600
2004-02-26,21.29,21.29,21.29,21.29,0
2004-02-27,21.35,21.49,21.03,21.23,94000
2004-03-01,21.15,21.32,20.9,21.15,138400
2004-03-02,21.15,21.67,21.14,21.47,120000
2004-03-03,21.32,21.38,20.8,21.29,159200
2004-03-04,21.36,21.36,21.36,21.36,0
2004-03-05,21.36,21.54,21.2,21.31,72900
2004-03-08,22.7,22.99,21.81,21.99,727900
2004-03-09,21.59,21.95,20.85,21.01,434200
2004-03-10,21.02,21.3,20.46,20.51,233200
2004-03-11,20.24,20.24,20.24,20.24,0
2004-03-12,20.3,20.52,20.08,20.17,134400
2004-03-15,20.06,20.35,19.84,19.91,197500
2004-03-16,19.9,20.32,19.86,19.93,124500
2004-03-17,19.99,20.3,19.95,20.14,84700
2004-03-18,20.41,20.41,20.41,20.41,0
2004-03-19,20.26,20.32,19.95,20.22,76100
2004-03-22,20.02,20.02,19.47,19.7,114900
2004-03-23,19.95,20.58,19.75,19.93,328800
2004-03-24,19.93,20.23,19.56,19.9,263200
2004-03-25,20.51,20.51,20.51,20.51,0
2004-03-26,20.3,20.5,20.14,20.3,105000
2004-03-29,20.25,21.0,20.25,20.92,235900
2004-03-30,20.82,21.16,20.63,21.1,146700
2004-03-31,21.0,21.07,20.6,21.07,150000
2004-04-01,22.09,22.09,22.09,22.09,0
2004-04-02,22.34,22.52,22.15,22.51,271700
2004-04-05,22.71,23.08,22.42,23.06,304400
2004-04-06,22.84,23.06,22.64,22.96,196100
2004-04-07,22.88,22.89,22.54,22.82,182500
2004-04-08,22.41,22.41,22.41,22.41,0
2004-04-12,22.25,22.61,22.25,22.46,196900
2004-04-13,22.46,22.46,21.89,22.15,204200
2004-04-14,22.0,22.35,21.8,21.95,168100
2004-04-15,22.0,22.0,22.0,22.0,0
2004-04-16,22.25,22.69,21.78,22.51,478500
2004-04-19,22.44,22.6,22.31,22.45,155000
2004-04-20,22.45,22.55,21.96,22.1,139300
2004-04-21,22.2,22.54,22.17,22.54,132300
2004-04-22,22.89,22.89,22.89,22.89,0
2004-04-23,22.87,22.87,22.27,22.62,135000
2004-04-26,22.52,22.6,22.0,22.05,97200
2004-04-27,22.26,22.37,22.14,22.3,97100
2004-04-28,22.25,22.56,22.05,22.5,214700
2004-04-29,22.13,22.13,22.13,22.13,0
2004-04-30,22.12,22.32,22.01,22.2,118000
2004-05-03,22.16,22.66,22.16,22.32,219500
2004-05-04,22.39,22.87,22.3,22.7,120000
2004-05-05,22.7,22.95,22.5,22.66,95300
2004-05-06,22.39,22.39,22.39,22.39,0
2004-05-07,22.35,22.66,22.1,22.19,46700
2004-05-10,22.01,22.26,22.0,22.09,128500
2004-05-11,22.2,22.35,21.62,21.79,145400
2004-05-12,21.79,21.87,21.34,21.73,250800
2004-05-13,22.42,22.42,22.42,22.42,0
2004-05-14,22.32,22.8,22.0,22.19,99700
2004-05-17,22.11,22.24,21.8,22.04,78400
2004-05-18,21.94,22.25,21.94,22.13,47100
2004-05-19,22.03,22.59,22.03,22.25,66500
2004-05-20,22.24,22.24,22.24,22.24,0
2004-05-21,22.23,22.85,22.23,22.85,84100
2004-05-24,22.69,22.7,22.23,22.49,84900
2004-05-25,22.3,22.85,22.26,22.7,66400
2004-05-26,22.6,22.89,22.45,22.88,56800
2004-05-27,22.54,22.54,22.54,22.54,0
2004-05-28,22.49,23.09,22.48,22.98,63400
2004-06-01,23.2,23.49,22.92,23.36,131000
2004-06-02,23.44,23.74,23.3,23.6,83100
2004-06-03,23.5,23.58,22.85,22.86,64000
2004-06-04,23.03,23.24,22.95,23.15,36600
2004-06-07,23.0,23.24,23.0,23.19,38700
2004-06-08,23.09,23.1,22.59,22.6,220400
2004-06-09,22.7,23.04,22.53,22.74,103200
2004-06-10,22.99,22.99,22.39,22.48,55200
2004-06-14,22.33,22.4,21.92,21.99,72200
2004-06-15,22.2,22.71,22.15,22.45,65400
2004-06-16,22.31,22.57,22.18,22.34,86200
2004-06-17,22.22,22.33,22.01,22.15,33300
2004-06-18,22.16,22.49,21.53,21.55,148900
2004-06-21,21.68,21.98,21.51,21.51,128600
2004-06-22,21.26,21.7,21.2,21.55,139200
2004-06-23,21.65,21.71,21.46,21.51,59100
2004-06-24,21.4,21.75,21.4,21.42,83700
2004-06-25,21.42,21.73,21.06,21.06,133200
2004-06-28,21.2,22.07,21.0,21.55,175000
2004-06-29,21.4,21.89,21.31,21.4,140100
2004-06-30,21.42,22.17,21.42,21.9,378700
2004-07-01,21.98,21.98,21.14,21.56,170400
2004-07-02,21.59,21.71,21.38,21.51,94700
2004-07-06,21.46,21.46,21.0,21.02,177700
2004-07-07,21.1,21.27,21.0,21.03,164200
2004-07-08,21.98,22.4,21.43,22.09,525200
2004-07-09,22.15,22.22,21.68,21.9,114600
2004-07-12,21.92,21.92,21.53,21.85,103900
2004-07-13,21.88,22.15,21.44,21.55,128200
2004-07-14,21.55,21.78,21.2,21.24,131800
2004-07-15,21.34,21.54,21.13,21.13,133200
2004-07-16,21.23,21.5,20.96,20.98,130000
2004-07-19,20.99,21.19,20.89,20.96,75800
2004-07-20,21.06,21.4,20.98,21.39,72400
2004-07-21,23.0,23.85,22.23,22.8,580800
2004-07-22,22.8,23.13,22.57,23.0,188600
2004-07-23,23.0,23.19,22.54,23.03,234000
2004-07-26,22.93,23.23,22.85,22.92,163300
2004-07-27,22.97,23.29,22.97,22.99,158100
2004-07-28,23.02,23.05,22.32,22.57,178400
2004-07-29,22.59,23.19,22.59,22.97,164200
2004-07-30,23.01,23.01,22.48,22.74,231200
2004-08-02,22.76,22.93,22.3,22.89,120500
2004-08-03,22.73,22.82,22.49,22.7,71600
2004-08-04,22.65,22.81,22.43,22.43,90900
2004-08-05,22.53,22.63,22.0,22.0,67200
2004-08-06,22.01,22.17,21.63,21.72,76100
2004-08-09,21.82,22.1,21.6,21.92,71700
2004-08-10,21.96,22.09,21.4,21.57,101100
2004-08-11,21.57,21.69,21.3,21.56,71400
2004-08-12,21.46,21.58,21.1,21.16,43100
2004-08-13,21.17,21.36,20.95,21.12,47800
2004-08-16,21.22,22.11,21.18,21.93,109200
2004-08-17,21.93,22.23,21.85,22.07,79900
2004-08-18,22.0,22.47,21.9,22.15,60300
2004-08-19,22.05,22.33,22.05,22.07,38700
2004-08-20,22.17,22.48,22.11,22.48,47900
2004-08-23,22.38,22.42,21.86,21.88,52600
2004-08-24,22.01,22.31,22.01,22.17,53400
2004-08-25,22.17,22.68,22.07,22.57,60400
2004-08-26,22.42,22.64,22.32,22.36,34700
2004-08-27,22.26,22.84,22.17,22.5,83300
2004-08-30,22.25,22.6,22.18,22.37,46000
2004-08-31,22.3,22.56,22.22,22.24,38300
2004-09-01,22.34,22.96,22.26,22.72,79500
2004-09-02,22.62,22.9,22.57,22.87,66600
2004-09-03,22.72,22.91,22.7,22.75,74600
2004-09-07,22.72,23.45,22.72,23.41,111300
2004-09-08,23.31,23.64,23.31,23.61,71000
2004-09-09,23.62,23.94,23.52,23.82,145800
2004-09-10,23.75,24.34,23.73,24.26,141100
2004-09-13,24.4,24.6,24.28,24.54,108300
2004-09-14,24.54,25.23,24.53,25.11,170800
2004-09-15,25.08,25.09,24.83,24.94,230600
2004-09-16,24.94,25.38,24.92,25.31,113000
2004-09-17,25.47,25.5,25.28,25.31,168400
2004-09-20,25.31,25.41,25.12,25.38,85000
2004-09-21,25.38,25.45,25.27,25.4,127100
2004-09-22,25.15,25.29,24.9,25.27,125500
2004-09-23,25.22,25.46,25.11,25.14,74000
2004-09-24,25.14,25.43,24.9,25.35,102700
2004-09-27,25.1,25.27,24.86,25.01,158500
2004-09-28,25.0,25.35,25.0,25.24,77800
2004-09-29,25.29,25.46,25.23,25.43,64300
2004-09-30,25.35,25.52,25.05,25.24,100700
2004-10-01,25.25,25.49,25.0,25.48,222600
2004-10-04,25.52,26.25,25.46,26.0,75100
2004-10-05,25.88,26.42,25.75,26.25,89100
2004-10-06,26.15,26.18,25.96,26.07,74900
2004-10-07,25.97,26.15,25.61,25.62,83100
2004-10-08,25.52,25.69,25.24,25.26,61100
2004-10-11,25.15,25.6,25.15,25.4,58300
2004-10-12,25.25,25.54,25.15,25.18,81800
2004-10-13,25.21,25.37,24.89,25.14,90300
2004-10-14,25.0,25.23,24.92,25.0,111100
2004-10-15,25.1,25.47,25.06,25.3,136700
2004-10-18,25.42,26.2,25.24,26.09,138700
2004-10-19,26.09,26.55,25.92,26.52,110100
2004-10-20,25.7,25.71,22.89,23.35,563900
2004-10-21,23.33,23.7,23.04,23.51,168700
2004-10-22,23.31,23.46,22.9,23.1,160700
2004-10-25,23.0,23.15,22.59,22.65,196300
2004-10-26,22.8,23.44,22.8,23.43,142100
2004-10-27,23.3,23.79,23.27,23.76,79800
2004-10-28,23.76,23.88,23.47,23.76,103800
2004-10-29,23.66,23.85,23.35,23.6,88800
2004-11-01,23.5,23.94,23.17,23.9,99800
2004-11-02,23.83,23.97,23.53,23.55,59700
2004-11-03,23.63,24.03,23.47,23.75,69100
2004-11-04,23.75,24.95,23.73,24.58,123100
2004-11-05,24.68,24.88,24.52,24.78,82800
2004-11-08,24.6,24.99,24.36,24.85,71400
2004-11-09,24.83,25.15,24.75,24.85,79800
2004-11-10,24.8,25.16,24.8,24.96,58500
2004-11-11,24.95,25.22,24.75,25.15,107900
2004-11-12,25.22,25.22,24.79,24.98,71300
2004-11-15,24.83,25.47,24.83,25.38,78300
2004-11-16,25.2,26.02,25.1,25.58,228800
2004-11-17,25.5,25.9,25.5,25.69,97400
2004-11-18,25.6,26.47,25.53,26.46,94600
2004-11-19,26.25,26.26,25.8,25.92,76000
2004-11-22,25.85,25.98,25.65,25.65,54600
2004-11-23,25.55,26.09,25.45,25.54,67200
2004-11-24,25.6,26.36,25.6,26.11,53000
2004-11-26,26.06,26.24,25.98,26.03,13800
2004-11-29,25.95,26.05,25.49,25.91,49100
2004-11-30,25.9,25.99,25.65,25.81,54000
2004-12-01,25.99,26.5,25.92,26.25,77000
2004-12-02,26.1,26.41,26.0,26.27,55100
2004-12-03,26.2,26.66,26.2,26.36,78800
2004-12-06,26.25,26.3,25.89,25.99,140200
2004-12-07,25.85,26.01,25.57,25.58,47600
2004-12-08,25.38,25.5,25.23,25.4,99300
2004-12-09,25.3,25.57,25.11,25.43,59000
2004-12-10,25.22,25.36,25.04,25.18,87100
2004-12-13,25.4,25.74,25.22,25.6,82200
2004-12-14,25.4,25.61,25.35,25.44,50200
2004-12-15,25.2,25.52,25.2,25.36,30900
2004-12-16,25.15,25.49,24.95,24.98,56200
2004-12-17,24.9,25.27,24.73,24.78,110100
2004-12-20,24.75,25.08,24.75,24.98,47100
2004-12-21,24.85,25.17,24.8,25.0,62500
2004-12-22,24.85,25.5,24.85,25.23,48300
2004-12-23,24.9,25.16,24.81,24.94,77700
2004-12-27,24.94,25.16,24.9,25.09,55400
2004-12-28,24.99,25.1,24.62,24.9,80800
2004-12-29,24.97,25.07,24.89,24.93,40300
2004-12-30,24.93,25.1,24.52,24.6,146300
2004-12-31,24.55,24.69,24.3,24.3,129400
2005-01-03,24.3,24.77,24.21,24.46,137100
2005-01-04,24.55,24.61,23.55,23.78,120200
2005-01-05,23.82,24.18,23.36,23.36,97400
2005-01-06,23.2,23.9,23.2,23.66,95800
2005-01-07,23.61,23.64,23.23,23.48,41500
2005-01-10,23.3,23.48,23.08,23.35,107300
2005-01-11,23.24,23.38,22.98,23.05,70000
2005-01-12,23.05,23.15,22.8,22.95,96900
2005-01-13,22.95,23.09,22.73,22.75,73700
2005-01-14,22.68,22.89,22.6,22.84,102900
2005-01-18,22.8,23.51,22.77,23.45,167300
2005-01-19,23.75,23.83,22.0,22.55,301200
2005-01-20,22.55,23.45,22.35,23.0,322800
2005-01-21,22.98,23.32,22.77,22.97,198900
2005-01-24,22.9,23.3,22.9,23.21,89600
2005-01-25,23.3,23.47,22.95,22.98,114300
2005-01-26,22.98,23.35,22.98,23.33,96500
2005-01-27,23.34,23.46,23.03,23.14,72500
2005-01-28,23.18,23.66,23.18,23.6,122500
2005-01-31,23.6,23.92,23.6,23.61,89700
2005-02-01,23.65,24.18,23.65,23.92,112100
2005-02-02,23.82,24.09,23.75,24.0,70000
2005-02-03,23.8,24.18,23.66,24.09,105000
2005-02-04,24.09,24.57,24.08,24.39,70200
2005-02-07,24.5,24.5,24.12,24.18,51000
2005-02-08,24.8,25.49,24.78,25.38,164400
2005-02-09,25.3,25.3,24.27,24.39,134700
2005-02-10,24.5,24.72,24.46,24.57,76600
2005-02-11,24.57,24.86,24.12,24.73,67900
2005-02-14,24.79,24.9,24.51,24.52,73000
2005-02-15,24.52,24.96,24.44,24.88,81000
2005-02-16,24.7,24.82,24.06,24.24,161900
2005-02-17,24.15,24.5,24.15,24.35,43200
2005-02-18,24.2,24.42,23.75,23.75,74500
2005-02-22,23.65,24.05,23.61,23.83,42900
2005-02-23,23.72,23.76,23.3,23.68,70400
2005-02-24,23.51,24.14,23.35,24.1,64000
2005-02-25,23.85,24.08,23.83,24.07,51100
2005-02-28,24.08,24.11,23.76,24.03,55100
2005-03-01,23.95,24.14,23.7,23.77,155000
2005-03-02,23.7,24.46,23.64,24.41,84300
2005-03-03,24.32,24.45,23.95,24.42,73300
2005-03-04,24.4,24.49,24.11,24.42,49000
2005-03-07,24.35,24.65,24.35,24.52,40200
2005-03-08,24.4,24.77,24.22,24.45,81500
2005-03-09,24.5,24.77,24.37,24.53,48800
2005-03-10,24.5,25.41,24.46,24.99,115100
2005-03-11,24.85,24.99,24.64,24.82,67600
2005-03-14,24.9,25.31,24.86,25.3,70700
2005-03-15,25.2,25.24,24.62,24.63,42300
2005-03-16,24.7,25.25,24.7,24.81,102900
2005-03-17,24.77,25.39,24.71,25.16,127900
2005-03-18,25.1,25.37,24.96,25.32,126800
2005-03-21,25.29,25.5,25.0,25.18,84100
2005-03-22,24.9,25.47,24.9,24.95,56300
2005-03-23,24.95,24.95,24.57,24.84,73700
2005-03-24,24.69,25.0,24.65,24.93,23600
2005-03-28,24.8,25.0,24.8,24.85,30100
2005-03-29,24.8,25.0,24.5,24.66,45300
2005-03-30,24.7,24.97,24.65,24.92,67700
2005-03-31,24.9,25.01,24.84,24.99,43100
2005-04-01,24.94,25.2,24.64,24.68,102000
2005-04-04,24.8,24.8,24.51,24.68,76300
2005-04-05,24.7,24.72,24.55,24.59,55200
2005-04-06,24.55,24.92,24.55,24.91,55800
2005-04-07,24.81,24.89,24.56,24.68,57500
2005-04-08,24.75,24.85,24.45,24.54,40100
2005-04-11,24.6,24.65,24.48,24.6,39800
2005-04-12,24.67,25.08,24.35,25.02,82900
2005-04-13,25.02,25.21,24.91,24.91,48900
2005-04-14,24.92,25.06,24.1,24.19,102400
2005-04-15,24.2,24.25,23.71,23.99,37600
2005-04-18,23.97,24.8,23.74,24.57,133300
2005-04-19,24.55,24.67,23.9,24.16,126000
2005-04-20,25.0,25.88,24.7,25.09,445500
2005-04-21,25.59,25.74,25.32,25.34,362600
2005-04-22,25.1,25.42,24.13,24.13,261400
2005-04-25,24.35,24.73,24.3,24.69,226900
2005-04-26,24.84,25.08,24.75,24.81,293500
2005-04-27,24.73,24.98,24.63,24.86,122000
2005-04-28,24.27,24.7,24.25,24.4,179900
2005-04-29,24.4,24.6,24.1,24.58,54800
2005-05-02,24.54,24.97,24.41,24.41,153200
2005-05-03,24.41,24.63,24.3,24.43,98800
2005-05-04,24.32,24.43,23.78,24.13,156800
2005-05-05,24.13,24.36,23.9,23.99,57800
2005-05-06,23.95,24.04,23.61,23.98,79400
2005-05-09,23.9,23.95,23.54,23.69,101600
2005-05-10,23.6,23.63,23.21,23.5,158700
2005-05-11,23.52,24.25,23.51,23.9,237000
2005-05-12,24.0,24.4,23.62,23.89,156300
2005-05-13,23.82,23.97,23.42,23.67,97700
2005-05-16,23.62,24.58,23.62,24.46,301900
2005-05-17,24.47,24.47,24.04,24.2,98000
2005-05-18,24.3,24.39,24.11,24.36,174900
2005-05-19,24.3,24.33,24.09,24.23,74700
2005-05-20,24.14,24.3,24.04,24.29,58900
2005-05-23,24.22,24.55,24.22,24.39,158900
2005-05-24,24.43,24.56,24.2,24.49,140100
2005-05-25,24.56,24.56,24.2,24.33,110300
2005-05-26,24.35,24.57,24.35,24.52,43200
2005-05-27,24.51,24.76,24.51,24.69,68900
2005-05-31,24.57,24.57,24.15,24.35,97800
2005-06-01,24.37,24.71,24.32,24.57,86100
2005-06-02,24.6,24.67,24.37,24.44,87900
2005-06-03,24.27,24.5,24.27,24.39,90400
2005-06-06,24.29,24.5,24.16,24.46,53900
2005-06-07,24.5,24.7,24.33,24.44,56800
2005-06-08,24.39,24.58,24.26,24.26,47200
2005-06-09,24.32,24.55,24.26,24.51,60300
2005-06-10,24.39,24.5,24.32,24.42,33200
2005-06-13,24.32,24.55,24.21,24.42,97000
2005-06-14,24.33,24.62,24.32,24.41,61600
2005-06-15,24.54,24.6,24.32,24.52,63800
2005-06-16,24.46,24.68,24.44,24.63,150900
2005-06-17,24.59,24.7,23.95,23.95,237700
2005-06-20,23.85,24.34,23.85,24.16,73600
2005-06-21,23.96,24.1,23.85,23.85,195900
2005-06-22,23.85,24.11,23.69,24.0,61900
2005-06-23,23.9,23.9,23.63,23.7,117000
2005-06-24,23.62,23.73,23.08,23.3,155600
2005-06-27,22.75,23.07,22.48,22.91,268000
2005-06-28,23.0,23.3,22.9,23.26,143400
2005-06-29,23.25,23.47,23.11,23.17,116200
2005-06-30,23.75,25.15,23.66,24.1,698500
2005-07-01,24.05,24.32,23.77,23.8,167000
2005-07-05,23.8,24.0,23.71,23.97,84400
2005-07-06,23.87,23.94,23.4,23.53,85300
2005-07-07,23.38,23.54,23.08,23.54,59300
2005-07-08,23.44,24.17,23.33,23.91,209600
2005-07-11,23.9,24.22,23.85,24.03,50900
2005-07-12,23.9,24.13,23.8,24.0,38000
2005-07-13,23.9,24.06,23.76,23.96,47500
2005-07-14,23.94,24.16,23.76,23.93,41200
2005-07-15,23.88,24.02,23.61,23.96,126400
2005-07-18,24.01,24.18,23.86,24.06,120000
2005-07-19,24.11,24.21,23.89,24.0,155100
2005-07-20,24.99,25.1,24.25,24.95,504600
2005-07-21,24.89,25.2,24.8,24.8,296900
2005-07-22,24.7,25.15,24.35,25.0,229300
2005-07-25,24.95,25.2,24.28,24.71,229600
2005-07-26,24.58,24.95,24.4,24.8,108000
2005-07-27,24.79,24.98,24.6,24.92,73800
2005-07-28,24.95,25.09,24.81,25.01,92000
2005-07-29,24.97,25.08,24.56,24.56,49000
2005-08-01,24.59,24.82,24.52,24.58,40500
2005-08-02,24.56,24.59,24.25,24.42,106300
2005-08-03,24.4,24.4,24.1,24.18,58300
2005-08-04,24.0,24.19,24.0,24.0,69700
2005-08-05,23.8,23.85,23.65,23.67,68900
2005-08-08,23.67,23.83,23.43,23.73,57000
2005-08-09,23.73,24.18,23.73,24.0,104900
2005-08-10,23.95,24.1,23.59,23.69,74800
2005-08-11,23.69,24.15,23.69,23.93,25500
2005-08-12,23.8,23.85,23.62,23.78,37300
2005-08-15,23.75,23.9,23.63,23.69,102000
2005-08-16,23.58,24.0,23.58,23.74,122600
2005-08-17,23.74,24.11,23.42,23.95,167300
2005-08-18,23.83,23.97,23.63,23.86,53300
2005-08-19,23.96,23.96,23.77,23.9,35500
2005-08-22,23.82,23.99,23.82,23.99,42000
2005-08-23,23.99,23.99,23.6,23.82,75700
2005-08-24,23.75,23.89,23.5,23.69,49300
2005-08-25,23.7,23.72,23.43,23.64,31600
2005-08-26,23.62,23.62,23.21,23.47,52100
2005-08-29,23.4,23.74,23.35,23.62,40900
2005-08-30,23.52,23.52,23.21,23.32,39100
2005-08-31,23.32,23.56,23.19,23.45,125300
2005-09-01,23.46,23.97,23.4,23.81,158300
2005-09-02,23.75,23.8,23.57,23.64,65500
2005-09-06,23.68,23.87,23.5,23.63,171600
2005-09-07,23.7,24.0,23.7,23.84,66900
2005-09-08,23.7,23.76,23.56,23.66,46900
2005-09-09,23.59,23.77,23.58,23.61,70300
2005-09-12,23.57,23.83,23.53,23.8,82200
2005-09-13,23.7,23.71,23.52,23.59,36800
2005-09-14,23.58,23.68,23.36,23.47,135200
2005-09-15,23.49,23.58,23.34,23.4,141000
2005-09-16,23.45,23.7,23.35,23.55,208400
2005-09-19,23.55,23.75,23.5,23.56,127300
2005-09-20,23.55,23.6,23.41,23.45,104300
2005-09-21,23.35,23.35,23.0,23.25,78100
2005-09-22,23.15,23.21,22.81,23.06,92200
2005-09-23,22.93,23.34,22.89,23.22,108000
2005-09-26,23.32,23.35,22.81,22.94,78000
2005-09-27,22.83,22.95,22.72,22.77,134700
2005-09-28,22.83,22.9,22.51,22.74,198900
2005-09-29,22.7,23.3,22.56,23.29,152100
2005-09-30,23.22,23.6,22.99,23.31,153400
2005-10-03,23.43,23.65,23.25,23.3,177100
2005-10-04,23.45,23.59,23.1,23.1,108900
2005-10-05,23.05,23.05,22.74,22.76,126400
2005-10-06,22.71,22.85,22.4,22.59,82400
2005-10-07,22.55,22.81,22.55,22.62,70400
2005-10-10,22.62,22.8,22.49,22.55,98300
2005-10-11,22.7,22.7,22.5,22.62,125200
2005-10-12,22.55,22.61,22.1,22.33,112900
2005-10-13,22.3,22.5,22.14,22.47,105400
2005-10-14,22.53,22.8,22.39,22.71,292100
2005-10-17,22.85,23.03,22.75,22.86,173100
2005-10-18,23.0,23.0,22.71,22.87,106800
2005-10-19,21.6,22.0,20.65,20.91,927800
2005-10-20,20.9,20.9,20.52,20.65,292200
2005-10-21,20.68,20.79,20.45,20.73,136400
2005-10-24,20.76,21.12,20.73,21.12,234700
2005-10-25,21.12,21.17,20.77,20.79,208400
2005-10-26,20.89,21.22,20.89,21.2,133900
2005-10-27,21.08,21.08,20.8,20.93,103900
2005-10-28,20.93,21.27,20.8,21.27,73200
2005-10-31,21.22,21.46,21.06,21.31,95900
2005-11-01,21.45,21.88,21.0,21.1,291000
2005-11-02,21.0,21.8,20.9,21.56,130500
2005-11-03,21.62,21.95,21.5,21.69,65900
2005-11-04,21.81,21.86,21.69,21.74,49300
2005-11-07,21.85,21.88,21.71,21.74,55800
2005-11-08,21.69,21.89,21.69,21.72,56400
2005-11-09,21.69,21.76,21.6,21.6,44800
2005-11-10,21.59,21.99,21.3,21.91,86500
2005-11-11,22.0,22.05,21.79,21.93,45900
2005-11-14,22.04,22.05,21.74,21.78,58700
2005-11-15,21.69,21.88,21.59,21.73,95600
2005-11-16,21.75,21.88,21.54,21.72,120300
2005-11-17,21.71,22.14,21.66,22.09,49100
2005-11-18,22.28,22.28,21.52,21.55,189400
2005-11-21,21.43,21.71,21.3,21.31,190900
2005-11-22,21.28,21.56,20.96,21.31,183000
2005-11-23,21.27,21.36,21.04,21.2,104100
2005-11-25,21.45,22.19,21.45,22.04,157800
2005-11-28,22.06,22.3,21.75,21.75,140600
2005-11-29,21.9,22.02,21.75,21.77,71100
2005-11-30,21.85,21.96,21.5,21.56,66400
2005-12-01,21.7,22.13,21.53,22.01,128100
2005-12-02,23.35,23.48,22.48,22.48,313300
2005-12-05,22.5,22.79,22.38,22.55,144000
2005-12-06,22.56,22.7,22.05,22.32,108900
2005-12-07,22.3,22.55,22.18,22.46,58500
2005-12-08,22.46,22.48,22.05,22.22,87600
2005-12-09,22.22,22.33,21.93,21.97,68200
2005-12-12,22.1,22.24,22.01,22.12,62300
2005-12-13,22.08,22.35,22.0,22.27,68700
2005-12-14,22.25,22.51,22.13,22.3,69100
2005-12-15,22.37,22.4,22.19,22.36,49400
2005-12-16,22.46,22.54,22.29,22.46,118500
2005-12-19,22.53,22.57,22.2,22.44,92600
2005-12-20,22.27,22.48,21.82,21.96,197900
2005-12-21,21.96,21.96,17.76,18.91,1263600
2005-12-22,19.5,19.8,19.0,19.68,529100
2005-12-23,19.9,19.9,19.69,19.78,190500
2005-12-27,19.9,20.06,19.67,19.82,184600
2005-12-28,19.95,20.1,19.75,19.89,96200
2005-12-29,19.84,19.96,19.65,19.89,76700
2005-12-30,19.7,19.97,19.63,19.79,153700
2006-01-03,19.65,19.7,19.11,19.46,381900
2006-01-04,19.49,20.0,19.48,19.89,206100
2006-01-05,19.89,20.48,19.8,20.47,257200
2006-01-06,20.4,20.47,20.3,20.32,155800
2006-01-09,20.48,20.48,20.06,20.18,95200
2006-01-10,20.2,20.48,20.1,20.48,106400
2006-01-11,20.4,20.79,20.18,20.76,219700
2006-01-12,20.54,20.58,20.06,20.11,154900
2006-01-13,20.05,20.31,19.87,20.31,125600
2006-01-17,19.99,20.15,19.6,19.95,173000
2006-01-18,19.55,19.7,18.54,19.26,618000
2006-01-19,19.21,19.65,19.15,19.55,179900
2006-01-20,19.59,19.86,19.32,19.84,249600
2006-01-23,19.85,19.85,19.6,19.77,109500
2006-01-24,19.55,19.84,19.52,19.74,143900
2006-01-25,19.59,19.84,19.4,19.62,216700
2006-01-26,19.38,19.73,19.28,19.64,92500
2006-01-27,19.63,19.74,19.25,19.72,150500
2006-01-30,19.62,19.71,19.25,19.32,155300
2006-01-31,19.25,19.66,19.15,19.63,150600
2006-02-01,19.53,20.0,19.5,19.93,189100
2006-02-02,19.75,19.78,19.45,19.51,129900
2006-02-03,19.26,19.7,19.26,19.45,221400
2006-02-06,19.45,20.13,19.43,20.0,281400
2006-02-07,19.86,20.0,19.5,19.59,92800
2006-02-08,19.5,19.68,19.48,19.65,64900
2006-02-09,19.54,19.66,19.49,19.49,171900
2006-02-10,19.49,19.62,19.47,19.5,159000
2006-02-13,19.58,19.87,19.43,19.81,260500
2006-02-14,19.72,19.99,19.47,19.5,183000
2006-02-15,19.48,19.86,19.48,19.74,96000
2006-02-16,19.67,19.99,19.6,19.95,88200
2006-02-17,19.88,19.88,19.54,19.6,105300
2006-02-21,19.62,19.68,19.51,19.6,82400
2006-02-22,19.5,19.9,19.5,19.89,89100
2006-02-23,19.85,19.95,19.68,19.85,94500
2006-02-24,19.89,19.9,19.76,19.87,84100
2006-02-27,20.0,20.18,19.9,19.95,186900
2006-02-28,19.79,19.86,19.53,19.6,160500
2006-03-01,19.72,19.75,19.61,19.73,109400
2006-03-02,19.63,19.89,19.52,19.85,214300
2006-03-03,19.77,19.85,19.75,19.84,108000
2006-03-06,19.78,19.84,19.68,19.76,173000
2006-03-07,19.75,19.83,19.68,19.82,167300
2006-03-08,19.7,19.84,19.66,19.7,112100
2006-03-09,19.6,19.79,19.5,19.66,98000
2006-03-10,19.6,19.9,19.6,19.85,106700
2006-03-13,19.75,19.86,19.7,19.79,78900
2006-03-14,19.75,19.9,19.7,19.84,112000
2006-03-15,19.81,19.89,19.75,19.88,54000
2006-03-16,19.82,20.1,19.81,20.07,105800
2006-03-17,20.07,20.2,19.95,20.07,41400
2006-03-20,19.99,20.22,19.86,19.9,125000
2006-03-21,19.84,20.04,19.64,20.0,157300
2006-03-22,19.93,19.95,19.69,19.86,111900
2006-03-23,19.8,20.08,19.8,20.04,69200
2006-03-24,19.98,20.19,19.98,20.08,65700
2006-03-27,19.99,20.1,19.8,20.01,83800
2006-03-28,19.9,20.0,19.75,19.87,100200
2006-03-29,19.91,20.17,19.8,19.99,103200
2006-03-30,19.75,20.11,19.73,19.99,174500
2006-03-31,20.03,20.06,19.8,19.92,129400
2006-04-03,20.0,20.19,19.81,20.0,124300
2006-04-04,20.11,20.29,20.0,20.04,145200
2006-04-05,20.1,20.13,19.75,20.11,133500
2006-04-06,20.14,20.14,19.88,20.04,114300
2006-04-07,20.04,20.1,19.87,19.96,98100
2006-04-10,20.04,20.23,19.83,19.89,81900
2006-04-11,19.84,19.84,19.5,19.51,227600
2006-04-12,19.53,19.66,19.45,19.5,62800
2006-04-13,19.44,19.6,19.44,19.6,89700
2006-04-17,19.52,19.94,19.5,19.5,96300
2006-04-18,19.47,20.02,19.45,20.01,239600
2006-04-19,20.21,20.28,19.6,19.67,356900
2006-04-20,20.0,20.65,20.0,20.61,473000
2006-04-21,20.6,20.76,20.33,20.42,181800
2006-04-24,20.47,20.48,20.1,20.19,127400
2006-04-25,20.11,20.28,19.94,20.09,121200
2006-04-26,19.98,20.44,19.98,20.33,125000
2006-04-27,20.1,20.2,19.9,20.07,84400
2006-04-28,19.9,20.13,19.9,20.03,126600
2006-05-01,20.04,20.36,19.94,20.1,206000
2006-05-02,20.06,20.09,19.84,19.89,168400
2006-05-03,19.82,20.22,19.82,20.03,147600
2006-05-04,19.98,20.17,19.9,20.07,95200
2006-05-05,20.12,20.19,20.01,20.16,68600
2006-05-08,19.95,20.25,19.9,20.08,68200
2006-05-09,20.04,20.07,19.85,19.9,88900
2006-05-10,19.83,20.04,19.68,19.95,93100
2006-05-11,19.87,19.87,19.0,19.1,216600
2006-05-12,19.05,19.3,19.0,19.07,113200
2006-05-15,19.11,19.27,19.02,19.22,90900
2006-05-16,19.2,19.28,19.05,19.17,80800
2006-05-17,19.11,19.3,18.82,18.83,135800
2006-05-18,18.96,18.96,18.78,18.81,61400
2006-05-19,18.91,19.2,18.8,19.05,98900
2006-05-22,19.02,19.03,18.63,18.68,159200
2006-05-23,18.77,18.85,18.13,18.13,259000
2006-05-24,18.09,18.43,17.92,18.27,170800
2006-05-25,18.48,18.54,18.25,18.47,118400
2006-05-26,18.47,18.48,18.23,18.23,108700
2006-05-30,18.25,18.34,18.06,18.16,121000
2006-05-31,18.21,18.27,18.0,18.07,164000
2006-06-01,18.0,18.61,17.99,18.43,155700
2006-06-02,18.63,18.88,18.33,18.72,188900
2006-06-05,18.73,18.8,18.5,18.52,89900
2006-06-06,18.57,18.91,18.49,18.77,194300
2006-06-07,18.85,18.88,18.5,18.6,92900
2006-06-08,18.37,18.7,18.35,18.6,128000
2006-06-09,18.58,18.69,18.4,18.5,74900
2006-06-12,18.46,18.57,18.29,18.29,105900
2006-06-13,18.15,18.5,18.14,18.2,137400
2006-06-14,18.08,18.33,18.06,18.22,101900
2006-06-15,18.25,18.45,18.25,18.32,55100
2006-06-16,18.32,18.91,18.32,18.79,117200
2006-06-19,18.9,18.92,18.6,18.65,88200
2006-06-20,18.59,18.59,18.26,18.33,70700
2006-06-21,18.53,19.11,18.53,18.93,140900
2006-06-22,18.85,18.95,18.64,18.76,116700
2006-06-23,18.76,19.21,18.41,19.11,99900
2006-06-26,19.11,19.3,18.99,19.06,200200
2006-06-27,19.13,19.25,18.86,18.86,36100
2006-06-28,18.88,19.15,18.88,18.91,50100
2006-06-29,18.89,19.48,18.89,19.25,102500
2006-06-30,19.22,19.5,19.12,19.25,177500
2006-07-03,19.35,19.88,19.2,19.76,94500
2006-07-05,19.86,19.87,18.99,19.08,139000
2006-07-06,19.0,19.24,18.65,18.93,265800
2006-07-07,18.88,19.0,18.75,18.96,75800
2006-07-10,18.94,18.94,18.54,18.66,78800
2006-07-11,18.55,18.71,18.51,18.7,74100
2006-07-12,18.62,18.84,18.46,18.63,68200
2006-07-13,18.5,18.75,18.25,18.41,78700
2006-07-14,18.32,18.54,18.26,18.41,88000
2006-07-17,18.31,18.85,18.31,18.8,301400
2006-07-18,18.72,18.72,17.87,18.31,230500
2006-07-19,19.16,20.9,19.0,20.26,643200
2006-07-20,20.17,20.28,20.0,20.23,209900
2006-07-21,20.19,20.3,20.09,20.2,137600
2006-07-24,20.16,20.31,19.95,20.25,170000
2006-07-25,20.1,20.46,20.07,20.45,155100
2006-07-26,20.3,20.68,20.3,20.56,131700
2006-07-27,20.61,20.94,20.43,20.61,184400
2006-07-28,20.64,20.98,20.64,20.98,114400
2006-07-31,20.93,21.07,20.88,21.02,139900
2006-08-01,20.92,21.3,20.9,21.07,175800
2006-08-02,21.07,21.45,21.07,21.3,138400
2006-08-03,21.11,21.75,21.11,21.66,123200
2006-08-04,21.61,21.81,21.16,21.36,128200
2006-08-07,21.2,21.53,21.2,21.45,119500
2006-08-08,21.43,21.65,21.38,21.51,87900
2006-08-09,21.61,21.74,21.6,21.64,123000
2006-08-10,21.59,21.77,21.46,21.71,111700
2006-08-11,21.55,21.74,21.52,21.59,52900
2006-08-14,21.51,22.0,21.48,22.0,130700
2006-08-15,22.0,22.69,21.99,22.36,81100
2006-08-16,22.31,22.75,22.22,22.61,121700
2006-08-17,22.41,22.9,22.31,22.42,157600
2006-08-18,22.27,22.84,22.22,22.84,112300
2006-08-21,22.45,22.78,22.4,22.55,114000
2006-08-22,22.54,22.82,22.54,22.81,83900
2006-08-23,22.82,22.84,22.49,22.73,84000
2006-08-24,22.75,22.75,22.32,22.54,105700
2006-08-25,22.44,22.54,22.3,22.51,27400
2006-08-28,22.4,22.75,22.31,22.65,136800
2006-08-29,22.55,22.75,22.45,22.7,68000
2006-08-30,22.7,22.75,22.23,22.42,261600
2006-08-31,22.35,22.41,22.16,22.29,158400
2006-09-01,22.3,22.64,22.3,22.44,95500
2006-09-05,22.35,22.4,22.26,22.39,170700
2006-09-06,22.3,22.3,22.07,22.2,123300
2006-09-07,21.94,22.51,21.7,22.48,169000
2006-09-08,22.64,22.7,22.18,22.5,215200
2006-09-11,22.5,22.77,22.44,22.59,182100
2006-09-12,22.58,22.89,22.58,22.86,132100
2006-09-13,22.85,23.42,22.79,23.4,226000
2006-09-14,23.2,24.02,23.2,23.62,372400
2006-09-15,23.62,23.85,23.37,23.52,247400
2006-09-18,23.37,23.52,23.15,23.21,253500
2006-09-19,23.36,23.47,23.2,23.2,299500
2006-09-20,23.13,23.75,23.13,23.49,190000
2006-09-21,23.36,23.4,22.96,23.01,237100
2006-09-22,22.97,23.1,22.91,22.98,101600
2006-09-25,22.95,23.18,22.92,22.98,156200
2006-09-26,23.0,23.73,22.9,23.73,169200
2006-09-27,23.75,23.86,23.48,23.8,178900
2006-09-28,23.4,23.41,22.5,22.94,406100
2006-09-29,22.9,23.0,22.72,22.83,232800
2006-10-02,22.83,22.94,22.5,22.52,195600
2006-10-03,22.67,22.98,22.52,22.69,185700
2006-10-04,22.59,22.99,22.5,22.94,71800
2006-10-05,22.79,23.46,22.4,23.46,149700
2006-10-06,23.48,23.48,23.05,23.26,121300
2006-10-09,23.1,23.25,22.86,23.16,95400
2006-10-10,23.07,23.23,22.98,22.98,74400
2006-10-11,22.87,23.17,22.67,23.1,55200
2006-10-12,23.2,23.25,22.96,23.07,62700
2006-10-13,22.92,23.27,22.87,23.18,45400
2006-10-16,23.36,23.85,23.3,23.8,223300
2006-10-17,23.58,23.75,23.01,23.33,138200
2006-10-18,23.88,24.51,23.38,24.14,308600
2006-10-19,24.01,24.09,23.42,23.42,206900
2006-10-20,23.27,23.48,23.03,23.2,147000
2006-10-23,23.85,24.31,23.56,24.22,322600
2006-10-24,24.29,24.29,23.86,23.98,188800
2006-10-25,24.1,24.23,23.86,24.04,226700
2006-10-26,24.1,24.47,24.03,24.4,134700
2006-10-27,24.25,24.5,24.24,24.27,101200
2006-10-30,24.11,24.77,24.05,24.61,195700
2006-10-31,24.62,24.63,23.88,24.08,200500
2006-11-01,24.0,24.34,23.99,24.05,199900
2006-11-02,24.45,24.45,24.14,24.29,161400
2006-11-03,24.32,24.4,24.08,24.16,84300
2006-11-06,24.7,24.75,24.41,24.58,105700
2006-11-07,24.54,24.75,24.4,24.45,83900
2006-11-08,24.45,24.89,24.31,24.87,148900
2006-11-09,24.85,24.86,24.48,24.67,57400
2006-11-10,24.58,24.89,24.47,24.89,55300
2006-11-13,24.76,25.0,24.66,24.99,105200
2006-11-14,25.0,25.28,24.84,25.25,113300
2006-11-15,25.09,25.5,25.0,25.19,81500
2006-11-16,25.36,25.71,25.18,25.71,154200
2006-11-17,25.73,25.75,25.3,25.74,124300
2006-11-20,25.6,26.15,25.34,25.76,193200
2006-11-21,24.76,26.01,23.5,25.98,200100
2006-11-22,25.0,25.6,25.0,25.49,207000
2006-11-24,24.98,25.53,24.98,25.41,38500
2006-11-27,25.3,25.38,25.1,25.19,142000
2006-11-28,25.24,25.65,25.24,25.65,259900
2006-11-29,25.51,25.83,25.45,25.76,118200
2006-11-30,25.86,25.99,25.73,25.97,139800
2006-12-01,25.97,26.11,25.5,25.88,156600
2006-12-04,25.71,26.24,25.66,26.08,116300
2006-12-05,26.07,26.35,25.95,26.34,84000
2006-12-06,26.31,26.35,26.13,26.2,90700
2006-12-07,26.1,26.2,25.95,26.0,111700
2006-12-08,25.87,26.02,25.87,25.95,79800
2006-12-11,25.87,26.06,25.84,25.94,80500
2006-12-12,25.82,26.08,25.8,25.93,71900
2006-12-13,25.98,26.13,25.94,26.13,40900
2006-12-14,26.19,26.26,26.1,26.12,67400
2006-12-15,26.12,26.24,26.07,26.07,103100
2006-12-18,26.09,26.46,26.08,26.24,160400
2006-12-19,26.15,26.34,26.15,26.24,121600
2006-12-20,26.16,26.38,26.16,26.23,113400
2006-12-21,26.1,26.35,25.93,26.14,191700
2006-12-22,26.14,26.26,25.81,26.07,159300
2006-12-26,26.21,26.23,25.91,26.2,109200
2006-12-27,26.34,26.51,26.32,26.41,92200
2006-12-28,26.5,26.61,26.27,26.54,113600
2006-12-29,26.54,26.54,26.3,26.39,75000
2007-01-03,26.04,26.33,25.68,25.99,216900
2007-01-04,25.88,26.43,25.67,26.39,191300
2007-01-05,26.25,26.28,25.7,25.96,167800
2007-01-08,25.89,26.2,25.48,26.2,221800
2007-01-09,26.08,26.39,26.05,26.17,233100
2007-01-10,26.05,26.55,25.96,26.45,221400
2007-01-11,26.32,26.59,26.18,26.55,163400
2007-01-12,26.45,27.1,26.45,27.1,298600
2007-01-16,27.1,27.14,26.81,27.11,432400
2007-01-17,30.0,30.75,28.85,29.89,1643900
2007-01-18,29.88,29.92,28.91,29.6,600800
2007-01-19,29.5,29.5,28.75,29.27,601200
2007-01-22,29.3,29.77,29.21,29.49,587100
2007-01-23,29.67,29.85,29.46,29.83,287500
2007-01-24,29.72,30.19,29.63,30.15,238000
2007-01-25,30.19,30.19,29.85,29.92,568200
2007-01-26,29.79,29.9,29.44,29.81,373600
2007-01-29,29.94,30.16,29.68,30.06,348500
2007-01-30,30.24,30.68,30.06,30.68,477300
2007-01-31,30.7,30.97,30.35,30.9,843800
2007-02-01,30.95,31.45,30.91,31.27,712300
2007-02-02,31.21,31.62,31.21,31.49,483200
2007-02-05,31.61,31.63,31.25,31.46,404400
2007-02-06,31.6,31.75,31.31,31.55,250300
2007-02-07,31.59,31.89,31.55,31.77,289600
2007-02-08,31.81,32.0,31.34,31.48,346100
2007-02-09,31.38,31.68,31.14,31.32,178300
2007-02-12,31.14,31.8,31.13,31.49,274980
2007-02-13,31.39,31.49,30.91,31.12,275241
2007-02-14,30.99,31.61,30.99,31.46,304802
2007-02-15,31.45,31.94,31.43,31.83,309000
2007-02-16,31.77,32.06,31.76,32.0,292400
2007-02-20,31.94,32.45,31.86,32.42,394400
2007-02-21,32.48,32.51,31.86,32.51,490000
2007-02-22,32.61,33.09,32.32,32.45,328600
2007-02-23,32.39,32.4,31.83,32.07,198600
2007-02-26,32.12,32.68,32.12,32.65,696685
2007-02-27,32.65,32.65,30.9,31.68,869300
2007-02-28,31.68,31.68,30.0,31.18,580500
2007-03-01,31.23,31.53,30.26,31.38,574788
2007-03-02,31.38,31.52,30.72,30.81,349700
2007-03-05,30.58,30.61,29.0,30.48,667800
2007-03-06,30.12,30.64,29.22,30.5,369800
2007-03-07,30.5,30.65,30.19,30.47,507300
2007-03-08,30.62,31.12,30.51,30.91,343200
2007-03-09,30.95,31.17,30.82,30.97,202800
2007-03-12,30.97,31.44,30.86,31.29,288200
2007-03-13,31.29,31.29,30.57,30.57,491200
2007-03-14,30.42,30.71,30.13,30.59,572900
2007-03-15,30.6,31.15,30.5,31.03,212400
2007-03-16,31.01,31.29,30.73,30.73,304200
2007-03-19,30.98,31.46,30.98,31.39,264300
2007-03-20,31.42,31.49,31.16,31.44,168400
2007-03-21,31.39,32.28,31.39,32.27,188400
2007-03-22,32.27,32.42,32.1,32.39,281200
2007-03-23,32.39,32.62,32.22,32.32,82200
2007-03-26,32.5,32.5,31.87,32.33,140200
2007-03-27,32.29,32.46,32.17,32.17,124000
2007-03-28,31.97,32.15,31.45,31.74,327100
2007-03-29,31.74,31.74,31.22,31.65,266000
2007-03-30,31.79,32.0,31.33,31.85,405100
2007-04-02,32.1,32.56,31.71,32.04,425900
2007-04-03,32.18,32.44,31.99,32.29,277500
2007-04-04,32.29,32.64,32.16,32.56,333900
2007-04-05,32.49,32.62,32.29,32.57,196400
2007-04-09,32.51,32.75,32.4,32.44,206000
2007-04-10,32.4,32.64,32.22,32.37,268800
2007-04-11,32.4,32.46,31.93,32.09,316100
2007-04-12,32.1,32.26,31.87,32.21,352900
2007-04-13,32.25,32.36,32.04,32.34,163800
2007-04-16,32.38,32.56,32.37,32.55,254142
2007-04-17,32.55,32.56,32.29,32.33,205900
2007-04-18,32.35,32.75,32.16,32.38,273230
2007-04-19,32.0,32.48,31.0,32.2,374600
2007-04-20,32.2,32.99,32.45,32.84,294250
2007-04-23,32.54,32.8,31.99,32.17,386550
2007-04-24,32.25,32.31,31.66,31.77,430000
2007-04-25,31.9,31.99,31.42,31.95,502400
2007-04-26,31.95,31.94,31.44,31.74,272900
2007-04-27,31.74,31.91,31.47,31.75,313700
2007-04-30,31.61,31.75,31.02,31.06,385648
2007-05-01,30.95,31.3,30.88,31.08,355729
2007-05-02,30.97,31.7,30.97,31.15,328300
2007-05-03,31.12,31.58,30.93,31.49,496200
2007-05-04,31.51,31.57,30.91,31.31,264700
2007-05-07,31.23,31.78,31.19,31.63,249300
2007-05-08,31.63,31.7,31.25,31.46,157700
2007-05-09,31.53,32.18,31.42,32.04,230200
2007-05-10,31.94,31.99,31.13,31.13,336900
2007-05-11,31.06,31.7,30.66,31.66,278100
2007-05-14,31.51,31.61,31.26,31.31,174960
2007-05-15,31.32,31.58,30.92,31.02,148600
2007-05-16,31.15,31.38,30.81,31.11,190600
2007-05-17,31.75,32.8,31.58,32.4,715400
2007-05-18,32.58,32.83,32.06,32.26,328700
2007-05-21,32.34,32.49,32.19,32.44,408187
2007-05-22,33.68,34.34,33.6,34.06,1159076
2007-05-23,34.32,35.05,34.0,34.33,1477400
2007-05-24,34.37,34.37,33.2,33.27,797800
2007-05-25,33.8,33.8,33.12,33.26,375600
2007-05-29,33.36,33.38,32.47,32.6,631800
2007-05-30,32.6,33.37,32.45,32.67,1055100
2007-05-31,33.4,33.4,32.82,33.19,421214
2007-06-01,33.19,33.65,33.19,33.2,487229
2007-06-04,33.21,33.21,32.77,32.91,580900
2007-06-05,32.98,32.98,31.78,31.89,1234400
2007-06-06,31.95,32.0,31.41,31.63,752789
2007-06-07,31.55,31.6,30.42,30.73,790404
2007-06-08,30.73,31.0,30.42,30.97,395828
2007-06-11,30.99,31.24,30.85,31.09,297158
2007-06-12,31.02,31.02,30.35,30.39,251000
2007-06-13,30.41,30.72,30.16,30.63,377500
2007-06-14,30.7,30.81,30.45,30.52,184800
2007-06-15,30.52,30.9,30.39,30.47,260000
2007-06-18,30.83,30.87,30.49,30.72,376300
2007-06-19,30.49,30.83,30.47,30.68,229500
2007-06-20,30.88,30.88,30.29,30.41,265000
2007-06-21,30.35,30.39,29.85,30.27,254200
2007-06-22,30.31,30.55,29.26,29.37,761500
2007-06-25,29.37,29.71,29.12,29.39,303800
2007-06-26,29.39,30.05,29.33,29.66,261400
2007-06-27,29.41,29.89,29.29,29.88,307200
2007-06-28,29.92,29.93,29.51,29.66,150400
2007-06-29,29.7,29.89,29.0,29.51,539000
2007-07-02,29.63,29.81,29.34,29.59,438500
2007-07-03,29.73,30.31,29.73,30.28,313900
2007-07-05,30.24,30.24,29.66,29.76,259200
2007-07-06,29.76,30.07,29.68,30.0,254800
2007-07-09,30.0,30.0,29.51,29.68,454100
2007-07-10,29.54,29.63,29.1,29.35,769100
2007-07-11,29.21,29.52,29.07,29.52,387000
2007-07-12,29.6,30.0,29.41,30.0,354998
2007-07-13,29.84,29.99,29.65,29.8,235900
2007-07-16,29.67,29.71,29.36,29.56,248400
2007-07-17,29.46,30.16,29.45,30.03,383800
2007-07-18,29.77,29.83,29.34,29.65,276100
2007-07-19,29.77,29.85,29.39,29.57,191800
2007-07-20,29.45,29.93,29.0,29.44,496400
2007-07-23,29.32,29.65,29.24,29.36,285100
2007-07-24,30.0,30.0,28.59,29.49,1043200
2007-07-25,29.69,29.71,28.86,29.35,734800
2007-07-26,29.2,29.2,28.5,28.61,640900
2007-07-27,28.69,29.01,28.27,28.76,551100
2007-07-30,28.79,28.88,28.49,28.68,315000
2007-07-31,28.71,29.04,28.03,28.13,522100
2007-08-01,28.1,28.76,27.49,28.75,635000
2007-08-02,28.85,29.49,28.49,29.13,523000
2007-08-03,29.11,29.27,28.37,28.4,329600
2007-08-06,28.44,29.05,27.82,28.79,451100
2007-08-07,28.58,29.33,28.55,28.95,600100
2007-08-08,28.9,29.51,28.51,29.19,628194
2007-08-09,28.47,28.58,27.43,27.53,651700
2007-08-10,27.43,27.74,26.93,27.28,569500
2007-08-13,27.46,28.29,27.27,28.06,483000
2007-08-14,27.99,27.99,27.3,27.39,453000
2007-08-15,27.5,28.63,27.5,27.67,358700
2007-08-16,27.26,28.23,27.21,27.81,502500
2007-08-17,28.1,28.43,27.73,28.26,406600
2007-08-20,28.15,28.15,27.58,27.68,318000
2007-08-21,27.48,28.31,27.48,28.0,204400
2007-08-22,28.02,28.31,27.91,28.23,234900
2007-08-23,28.11,28.33,27.96,28.16,140300
2007-08-24,27.95,28.55,27.86,28.54,171800
2007-08-27,28.44,28.59,28.0,28.01,225400
2007-08-28,28.0,28.0,27.47,27.47,159300
2007-08-29,27.7,28.0,27.44,27.93,166900
2007-08-30,27.54,28.09,27.54,27.77,163000
2007-08-31,27.8,28.04,27.68,27.74,187800
2007-09-04,27.71,28.25,27.59,28.02,181400
2007-09-05,27.82,27.93,27.41,27.63,319000
2007-09-06,27.5,27.5,26.93,27.36,335300
2007-09-07,27.0,27.07,26.68,26.94,267100
2007-09-10,26.93,27.18,26.84,26.97,451500
2007-09-11,26.99,28.01,26.99,28.01,318100
2007-09-12,28.05,28.12,27.7,27.98,203900
2007-09-13,28.08,28.1,27.6,27.76,189500
2007-09-14,27.53,28.08,27.48,28.08,137600
2007-09-17,27.94,28.19,27.67,27.87,378500
2007-09-18,27.79,28.24,27.7,28.18,322500
2007-09-19,28.17,28.5,28.06,28.42,355500
2007-09-20,28.25,28.27,27.76,27.76,236400
2007-09-21,27.81,28.13,27.81,28.03,223000
2007-09-24,28.0,28.02,27.76,27.79,198600
2007-09-25,27.75,27.79,27.4,27.52,480600
2007-09-26,27.52,28.1,27.5,28.04,349200
2007-09-27,28.29,28.42,28.04,28.42,208800
2007-09-28,28.27,28.29,27.72,27.78,299600
2007-10-01,27.66,28.17,27.61,27.86,381000
2007-10-02,27.99,28.2,27.76,28.14,141900
2007-10-03,27.98,28.27,27.86,28.22,170100
2007-10-04,28.13,28.32,27.9,28.0,199200
2007-10-05,28.1,28.57,28.04,28.55,180500
2007-10-08,28.59,29.01,28.53,28.92,149700
2007-10-09,29.0,29.21,28.97,29.18,207100
2007-10-10,29.18,29.18,28.92,29.07,186300
2007-10-11,29.06,29.21,28.8,28.88,231300
2007-10-12,28.76,29.13,28.45,28.67,149800
2007-10-15,28.61,28.79,28.17,28.35,172500
2007-10-16,28.34,28.42,27.8,28.17,187700
2007-10-17,28.25,28.54,27.61,28.18,279600
2007-10-18,28.23,28.41,27.92,28.34,221500
2007-10-19,28.01,28.39,27.62,27.77,548300
2007-10-22,27.51,28.14,27.34,28.0,381800
2007-10-23,28.99,29.86,28.82,29.25,616300
2007-10-24,28.95,30.02,28.91,29.97,779700
2007-10-25,29.87,29.94,29.29,29.4,483500
2007-10-26,29.4,29.58,27.91,29.25,1149000
2007-10-29,29.62,30.99,29.62,30.48,912600
2007-10-30,30.48,30.65,28.39,29.21,1823700
2007-10-31,29.37,30.05,29.31,29.96,842500
2007-11-01,29.51,29.84,28.94,29.55,474600
2007-11-02,29.78,30.5,29.3,29.9,1298900
2007-11-05,29.59,29.74,28.67,29.17,755200
2007-11-06,29.2,29.72,28.83,29.29,371000
2007-11-07,29.0,29.49,28.5,28.68,813628
2007-11-08,28.52,29.6,28.52,29.42,793786
2007-11-09,29.23,29.3,28.61,29.15,487300
2007-11-12,28.82,29.69,28.55,28.81,659000
2007-11-13,28.69,29.19,28.5,29.16,568333
2007-11-14,29.28,30.2,29.06,29.26,590745
2007-11-15,29.31,29.35,28.2,28.53,637300
2007-11-16,28.61,28.61,27.78,28.25,484500
2007-11-19,28.1,28.45,27.51,27.65,349200
2007-11-20,27.88,27.98,27.46,27.68,313300
2007-11-21,27.19,27.94,27.19,27.42,281501
2007-11-23,27.48,29.0,27.48,28.62,440400
2007-11-26,28.94,28.94,27.24,27.24,635200
2007-11-27,27.24,27.71,27.13,27.41,305300
2007-11-28,27.87,28.07,27.5,27.92,339103
2007-11-29,28.0,28.03,27.54,27.8,184700
2007-11-30,28.46,28.46,27.75,28.04,589400
2007-12-03,28.34,28.34,27.67,27.95,402291
2007-12-04,28.11,28.21,27.0,27.01,647700
2007-12-05,27.25,27.31,26.51,26.93,455100
2007-12-06,26.85,27.22,26.51,27.2,639800
2007-12-07,27.2,27.39,26.67,27.08,432200
2007-12-10,27.2,27.57,26.95,27.57,333265
2007-12-11,27.68,28.97,27.46,28.54,851957
2007-12-12,28.94,29.5,27.13,28.22,860800
2007-12-13,28.0,28.87,27.94,28.8,511200
2007-12-14,28.7,29.1,28.05,28.81,582400
2007-12-17,29.0,29.42,28.55,29.15,763212
2007-12-18,28.94,29.93,28.8,29.83,984600
2007-12-19,25.26,26.77,24.35,25.5,1064855
2007-12-20,25.9,26.48,25.45,26.09,951505
2007-12-21,26.15,26.77,25.67,26.65,603900
2007-12-24,26.51,27.15,26.47,27.13,334100
2007-12-26,27.06,27.77,26.66,27.64,619600
2007-12-27,27.12,28.1,27.12,27.86,776300
2007-12-28,28.35,28.85,27.83,28.12,606946
2007-12-31,27.78,29.5,27.78,28.0,8679453
2008-01-02,28.0,28.19,26.63,26.96,4517239
2008-01-03,27.03,27.28,25.75,26.2,3608408
2008-01-04,26.0,26.19,25.18,25.19,1822792
2008-01-07,25.14,25.39,24.81,25.06,1546211
2008-01-08,25.14,25.14,22.97,22.97,2889382
2008-01-09,22.82,23.49,22.47,23.16,2144579
2008-01-10,22.95,24.1,22.95,24.02,1065959
2008-01-11,23.98,23.98,22.48,22.58,1655780
2008-01-14,22.72,22.99,22.45,22.8,778100
2008-01-15,22.48,22.82,21.51,21.76,1733838
2008-01-16,21.62,22.41,21.61,21.7,2041255
2008-01-17,21.72,22.0,20.61,20.61,1579502
2008-01-18,20.77,21.07,19.99,20.23,2232052
2008-01-22,20.35,20.71,19.2,20.36,2541711
2008-01-23,19.5,21.26,18.76,21.06,3414910
2008-01-24,21.37,23.5,20.52,22.41,2683587
2008-01-25,22.44,22.51,21.64,22.24,2400606
2008-01-28,22.32,22.36,21.61,22.36,1130190
2008-01-29,22.46,22.81,22.17,22.78,1296728
2008-01-30,22.73,23.08,22.42,22.68,1435800
2008-01-31,22.24,23.26,21.94,23.1,1543223
2008-02-01,23.06,23.55,21.77,23.45,1603824
2008-02-04,23.36,23.72,22.8,22.94,891771
2008-02-05,22.48,22.84,22.22,22.22,1120885
2008-02-06,22.12,22.69,21.8,21.88,857018
2008-02-07,21.8,22.23,21.71,22.07,1016239
2008-02-08,21.83,22.44,21.64,21.85,759524
2008-02-11,21.73,22.01,21.32,21.79,670091
2008-02-12,22.03,22.62,21.83,22.23,781552
2008-02-13,22.36,22.87,22.36,22.73,824170
2008-02-14,22.7,22.92,22.2,22.26,798071
2008-02-15,22.19,22.19,21.86,22.11,600200
2008-02-19,22.13,22.37,21.69,21.83,1035256
2008-02-20,21.68,22.35,21.51,22.35,960140
2008-02-21,22.38,22.5,21.91,22.01,1106600
2008-02-22,22.54,22.9,22.25,22.85,1669026
2008-02-25,22.82,23.1,22.49,22.96,982800
2008-02-26,22.83,23.55,22.8,23.22,975957
2008-02-27,23.22,23.9,23.22,23.61,696808
2008-02-28,23.36,23.39,22.86,22.97,897654
2008-02-29,22.85,22.85,22.14,22.23,914453
2008-03-03,22.3,22.64,22.09,22.41,663856
2008-03-04,22.27,22.72,22.15,22.6,979352
2008-03-05,22.6,22.9,22.5,22.76,761182
2008-03-06,22.72,22.75,22.25,22.29,785389
2008-03-07,22.07,22.6,22.01,22.34,931496
2008-03-10,22.2,22.25,21.73,21.89,1209159
2008-03-11,22.75,22.75,21.76,22.47,1513513
2008-03-12,22.47,22.67,21.95,21.96,1351200
2008-03-13,21.89,22.06,21.36,21.81,1055480
2008-03-14,21.81,22.15,21.28,21.8,992625
2008-03-17,21.5,21.96,21.18,21.7,1250705
2008-03-18,21.93,22.62,21.81,22.62,1040209
2008-03-19,22.56,23.0,22.34,22.34,870071
2008-03-20,22.08,22.88,21.92,22.78,1699918
2008-03-24,22.84,23.43,22.78,23.09,980263
2008-03-25,23.13,23.49,22.9,23.32,765624
2008-03-26,23.15,23.33,22.97,23.07,672765
2008-03-27,23.37,24.17,23.16,23.99,1658901
2008-03-28,23.93,24.08,23.5,23.56,578635
2008-03-31,23.56,23.93,23.22,23.66,698400
2008-04-01,23.83,24.93,23.47,24.93,1017316
2008-04-02,23.44,25.77,23.44,25.76,1534449
2008-04-03,25.53,25.84,25.46,25.77,1100390
2008-04-04,25.85,26.16,25.49,26.06,637866
2008-04-07,26.62,26.62,25.31,25.44,596910
2008-04-08,25.22,25.46,25.09,25.41,370000
2008-04-09,25.58,25.58,24.73,24.8,568800
2008-04-10,24.8,24.91,24.29,24.71,641900
2008-04-11,24.37,24.62,24.31,24.36,522707
2008-04-14,24.3,24.39,24.02,24.19,427965
2008-04-15,24.2,24.39,23.77,24.0,613403
2008-04-16,24.31,24.79,24.27,24.76,681472
2008-04-17,24.51,24.96,24.29,24.48,1094057
2008-04-18,24.56,25.0,24.56,24.94,1040442
2008-04-21,24.71,24.79,24.47,24.69,743380
2008-04-22,24.47,24.69,24.28,24.42,599015
2008-04-23,25.3,25.35,24.33,25.09,574973
2008-04-24,25.2,25.79,25.1,25.39,563961
2008-04-25,25.43,25.49,24.91,25.41,456706
2008-04-28,25.31,25.53,25.04,25.24,718505
2008-04-29,24.5,24.5,23.38,23.75,1526138
2008-04-30,24.0,24.4,23.6,23.8,1426745
2008-05-01,23.85,24.4,23.82,24.39,1125981
2008-05-02,24.57,24.64,24.3,24.44,522988
2008-05-05,24.28,24.66,24.19,24.5,553554
2008-05-06,24.2,24.94,23.98,24.87,961825
2008-05-07,24.83,25.08,24.48,24.56,1043617
2008-05-08,24.64,24.71,24.33,24.48,547930
2008-05-09,24.13,24.55,23.84,24.36,406173
2008-05-12,24.37,24.63,24.16,24.63,686546
2008-05-13,24.78,24.97,24.44,24.89,477006
2008-05-14,24.97,25.67,24.89,25.21,704391
2008-05-15,25.09,25.11,24.66,24.99,536584
2008-05-16,24.9,24.92,24.44,24.78,630959
2008-05-19,24.74,24.85,24.53,24.71,414397
2008-05-20,24.43,24.8,24.38,24.48,551503
2008-05-21,24.43,24.67,23.91,24.03,539812
2008-05-22,24.1,24.3,23.79,24.01,431954
2008-05-23,23.99,24.08,23.52,23.57,333787
2008-05-27,23.53,23.94,23.34,23.91,368383
2008-05-28,23.89,24.74,23.85,24.74,804403
2008-05-29,24.81,24.9,24.4,24.66,491193
2008-05-30,24.77,24.77,24.2,24.52,540861
2008-06-02,24.58,25.27,24.58,24.65,864554
2008-06-03,24.62,24.86,24.27,24.46,844441
2008-06-04,24.47,24.73,24.32,24.6,555304
2008-06-05,24.64,25.09,24.45,25.06,685947
2008-06-06,24.88,24.88,24.41,24.41,932814
2008-06-09,24.43,24.65,24.12,24.44,721847
2008-06-10,24.21,24.55,24.19,24.38,666655
2008-06-11,24.32,24.42,24.0,24.07,844146
2008-06-12,24.15,24.67,24.15,24.28,786376
2008-06-13,24.5,24.71,24.31,24.53,565418
2008-06-16,24.42,24.63,24.22,24.44,514999
2008-06-17,24.38,24.48,23.88,23.91,556765
2008-06-18,23.72,23.96,23.52,23.63,641680
2008-06-19,23.53,23.89,23.43,23.81,582640
2008-06-20,23.77,23.78,23.14,23.2,862196
2008-06-23,23.25,23.57,23.11,23.28,765118
2008-06-24,23.16,23.29,22.83,22.92,554582
2008-06-25,22.93,23.47,22.93,23.23,470087
2008-06-26,23.06,23.08,22.37,22.38,511710
2008-06-27,22.35,22.64,22.23,22.36,1719391
2008-06-30,22.33,22.66,22.14,22.22,642787
2008-07-01,21.84,22.54,21.83,22.48,823114
2008-07-02,22.53,22.76,22.12,22.14,770436
2008-07-03,22.19,22.67,22.09,22.17,434725
2008-07-07,22.18,22.44,21.88,22.11,539946
2008-07-08,22.04,22.91,21.94,22.9,755208
2008-07-09,22.82,23.15,22.4,22.42,640048
2008-07-10,22.51,22.68,21.89,22.28,914291
2008-07-11,21.9,22.25,21.6,21.91,536263
2008-07-14,22.21,22.39,21.81,21.97,786322
2008-07-15,21.75,22.28,21.34,21.88,827707
2008-07-16,21.95,22.35,21.71,22.33,646987
2008-07-17,22.24,22.94,21.99,22.88,684931
2008-07-18,22.87,23.05,22.43,23.01,793793
2008-07-21,22.96,22.98,22.51,22.7,426470
2008-07-22,22.58,22.91,22.49,22.73,648941
2008-07-23,22.8,23.01,22.56,22.89,662261
2008-07-24,22.89,22.89,22.43,22.44,526534
2008-07-25,22.52,22.62,22.19,22.29,552620
2008-07-28,22.18,22.3,21.79,21.79,411581
2008-07-29,21.76,22.2,21.76,22.05,688809
2008-07-30,22.05,22.32,21.81,22.12,732782
2008-07-31,18.99,21.44,16.62,19.58,5508341
2008-08-01,19.64,19.64,18.95,19.23,2096778
2008-08-04,19.25,19.53,18.97,19.28,1176616
2008-08-05,19.48,20.3,19.32,20.17,1166835
2008-08-06,20.13,20.23,19.78,20.2,914934
2008-08-07,20.03,20.21,19.79,19.92,744930
2008-08-08,20.0,21.11,19.89,21.1,1013415
2008-08-11,20.94,21.32,20.75,21.08,699872
2008-08-12,21.1,21.26,20.85,20.91,843399
2008-08-13,20.84,20.91,20.39,20.63,708377
2008-08-14,20.34,20.92,20.3,20.75,501666
2008-08-15,20.92,21.01,20.68,20.89,588690
2008-08-18,20.94,20.98,20.43,20.58,806059
2008-08-19,19.76,19.93,19.27,19.6,1313451
2008-08-20,19.58,19.78,19.23,19.45,895409
2008-08-21,19.05,19.59,19.05,19.53,724369
2008-08-22,19.69,20.2,19.66,19.97,996179
2008-08-25,19.81,19.9,19.41,19.47,762001
2008-08-26,19.42,19.56,19.3,19.47,608887
2008-08-27,19.42,19.73,19.4,19.69,627177
2008-08-28,19.82,20.16,19.81,20.06,859670
2008-08-29,20.05,20.21,19.84,19.92,509750
2008-09-02,20.19,20.45,19.89,19.97,927722
2008-09-03,20.03,20.11,19.66,19.78,929921
2008-09-04,19.77,19.79,19.01,19.03,957383
2008-09-05,18.93,19.14,18.77,19.01,705233
2008-09-08,19.46,19.84,19.28,19.68,1233119
2008-09-09,19.6,19.88,19.05,19.05,935517
2008-09-10,19.1,19.24,18.89,19.05,654156
2008-09-11,18.87,18.95,18.61,18.92,988092
2008-09-12,18.74,18.81,18.55,18.76,689939
2008-09-15,18.32,18.53,17.93,17.94,821385
2008-09-16,17.71,18.03,17.47,17.99,966791
2008-09-17,17.71,17.71,17.05,17.13,1158111
2008-09-18,17.44,17.73,16.47,17.51,2130948
2008-09-19,16.72,18.65,16.72,18.04,1316360
2008-09-22,17.95,17.98,17.53,17.65,1194099
2008-09-23,17.77,18.18,17.64,17.79,969792
2008-09-24,17.82,18.22,17.59,17.96,596503
2008-09-25,18.1,18.5,18.0,18.3,1119966
2008-09-26,17.8,17.8,16.89,17.45,1699676
2008-09-29,17.15,17.39,15.16,15.28,2341202
2008-09-30,14.3,16.47,14.3,16.4,2265897
2008-10-01,16.14,16.22,15.65,15.87,1425413
2008-10-02,15.68,15.87,15.4,15.44,1255040
2008-10-03,15.87,16.46,15.29,15.46,1892096
2008-10-06,15.07,15.3,14.1,14.71,1561865
2008-10-07,14.99,15.24,14.22,14.22,1744577
2008-10-08,13.91,15.0,13.53,14.22,1784638
2008-10-09,14.22,14.54,13.57,13.6,1440063
2008-10-10,11.82,14.49,11.82,13.56,2039849
2008-10-13,14.29,14.87,13.57,14.61,1184864
2008-10-14,15.53,15.53,14.07,14.57,2005203
2008-10-15,14.31,14.43,13.02,13.02,1431385
2008-10-16,12.95,13.57,12.47,13.4,1264090
2008-10-17,13.06,13.79,12.75,13.4,1555528
2008-10-20,13.58,13.66,13.09,13.66,893605
2008-10-21,13.37,13.48,12.66,12.75,1112634
2008-10-22,12.24,12.56,11.45,11.79,1141267
2008-10-23,11.84,12.03,11.23,11.84,1182290
2008-10-24,11.15,12.08,11.08,11.81,1103552
2008-10-27,11.47,11.94,11.32,11.47,901644
2008-10-28,11.81,13.0,11.42,12.98,1119469
2008-10-29,12.99,13.33,12.69,12.79,901519
2008-10-30,13.2,13.35,12.81,13.1,1115708
2008-10-31,12.93,13.77,12.93,13.74,1221091
2008-11-03,13.65,13.99,13.58,13.72,694732
2008-11-04,14.0,14.21,13.7,14.14,1307018
2008-11-05,14.02,14.19,13.26,13.29,908037
2008-11-06,13.18,13.33,12.48,12.59,690925
2008-11-07,12.75,12.99,12.45,12.8,616903
2008-11-10,13.07,13.27,12.49,12.66,558376
2008-11-11,12.57,12.57,11.83,12.0,719217
2008-11-12,11.78,11.98,11.57,11.57,614508
2008-11-13,11.6,12.9,11.26,12.9,1203702
2008-11-14,12.59,13.02,12.1,12.16,803902
2008-11-17,12.01,12.78,11.9,12.31,1108901
2008-11-18,12.39,12.48,11.91,12.29,1047649
2008-11-19,12.29,12.71,11.56,11.6,1156992
2008-11-20,11.37,11.92,10.93,10.95,1366627
2008-11-21,10.99,11.39,10.36,11.34,2465953
2008-11-24,11.57,12.55,11.28,12.31,1232909
2008-11-25,12.52,12.84,12.19,12.8,1231734
2008-11-26,12.51,13.5,12.44,13.41,849515
2008-11-28,13.25,14.27,13.14,14.27,590122
2008-12-01,14.2,14.33,13.03,13.03,1663830
2008-12-02,13.28,13.9,13.11,13.6,1157322
2008-12-03,13.14,13.57,12.8,13.47,1295454
2008-12-04,13.75,14.17,12.95,13.12,1293104
2008-12-05,12.8,13.5,12.6,13.5,964135
2008-12-08,13.72,14.16,13.62,13.81,1745572
2008-12-09,13.58,13.98,13.42,13.53,672988
2008-12-10,13.67,14.12,13.59,13.93,1014643
2008-12-11,13.77,14.1,13.32,13.44,901646
2008-12-12,13.04,13.81,12.95,13.69,861757
2008-12-15,13.6,13.89,13.31,13.5,886141
2008-12-16,13.56,13.84,13.32,13.83,1459808
2008-12-17,13.59,13.91,13.47,13.55,1322832
2008-12-18,13.6,13.93,13.39,13.59,1019749
2008-12-19,13.78,14.28,13.51,14.1,1862882
2008-12-22,14.0,14.17,13.49,13.78,870005
2008-12-23,14.09,14.14,13.77,13.83,777028
2008-12-24,14.06,14.1,13.79,14.0,319383
2008-12-26,14.1,14.2,13.88,14.11,358501
2008-12-29,14.12,14.12,13.48,13.67,736412
2008-12-30,13.52,13.96,13.52,13.94,828260
2008-12-31,13.93,14.1,13.72,14.0,864051
2009-01-02,14.0,14.95,13.85,14.86,1338030
2009-01-05,14.88,15.0,14.6,14.85,826397
2009-01-06,15.06,15.07,14.73,14.81,865478
2009-01-07,14.63,14.75,14.44,14.5,641761
2009-01-08,14.42,14.63,14.31,14.6,553517
2009-01-09,14.63,14.68,14.16,14.19,943335
2009-01-12,14.24,14.37,14.11,14.31,934891
2009-01-13,14.33,14.46,14.1,14.27,899126
2009-01-14,14.02,14.06,13.57,13.69,1106766
2009-01-15,13.74,13.96,13.46,13.82,1119170
2009-01-16,14.09,14.23,13.58,13.81,1700732
2009-01-20,13.8,13.85,12.91,12.94,2034694
2009-01-21,13.25,13.46,12.88,13.4,1337581
2009-01-22,13.02,13.38,12.94,13.07,1194857
2009-01-23,12.96,12.98,12.61,12.72,1858655
2009-01-26,12.79,13.2,12.65,12.9,1194501
2009-01-27,12.84,13.48,12.78,13.34,1767116
2009-01-28,13.75,13.75,13.12,13.33,2022004
2009-01-29,13.04,13.27,12.96,13.03,2479462
2009-01-30,13.15,13.25,12.62,12.66,1867527
2009-02-02,12.55,13.13,12.51,13.0,1916300
2009-02-03,13.03,13.28,12.97,13.11,1435375
2009-02-04,13.15,13.35,12.99,13.06,1056731
2009-02-05,12.88,13.49,12.88,13.35,1344791
2009-02-06,13.35,13.71,13.3,13.67,1124942
2009-02-09,13.58,13.72,13.37,13.48,912228
2009-02-10,13.33,13.49,12.8,12.86,2078055
2009-02-11,12.98,13.2,12.9,13.1,1584572
2009-02-12,12.91,13.29,12.69,13.27,2152616
2009-02-13,13.24,13.48,13.15,13.2,1392482
2009-02-17,12.88,13.03,11.9,12.64,1750927
2009-02-18,12.71,13.22,12.59,12.85,2344702
2009-02-19,12.84,13.37,12.72,12.76,1652787
2009-02-20,12.56,12.91,11.88,12.73,2028568
2009-02-23,12.69,12.9,12.26,12.29,1484548
2009-02-24,12.43,12.84,12.26,12.78,2024218
2009-02-25,13.16,13.29,12.43,12.69,1721574
2009-02-26,12.67,12.88,12.49,12.56,1230948
2009-02-27,12.34,12.88,12.22,12.58,1744600
2009-03-02,12.38,12.64,12.22,12.23,1749391
2009-03-03,12.28,12.5,12.08,12.21,1721573
2009-03-04,12.38,12.48,12.17,12.33,1786608
2009-03-05,11.96,12.23,11.88,11.98,1987530
2009-03-06,12.08,12.11,11.52,11.82,2258537
2009-03-09,11.59,11.9,11.33,11.4,2240718
2009-03-10,11.7,12.06,11.45,12.06,2043231
2009-03-11,12.17,12.17,11.95,12.09,1459453
2009-03-12,12.11,12.45,11.76,12.42,2180442
2009-03-13,12.41,12.95,12.39,12.94,1740127
2009-03-16,13.0,13.24,12.85,12.89,1923745
2009-03-17,12.78,13.05,12.65,13.05,1359579
2009-03-18,13.09,13.45,12.9,13.34,2257914
2009-03-19,13.34,13.5,13.19,13.19,1614866
2009-03-20,13.31,13.52,13.03,13.03,1951059
2009-03-23,13.19,13.65,13.15,13.65,1980550
2009-03-24,13.42,13.71,13.27,13.27,1479682
2009-03-25,13.47,13.81,13.29,13.61,1438321
2009-03-26,13.7,14.0,13.65,13.93,1507904
2009-03-27,13.77,13.96,13.69,13.76,1511642
2009-03-30,13.55,13.74,13.43,13.69,1886737
2009-03-31,13.79,13.97,13.66,13.81,1728131
2009-04-01,13.65,14.1,13.52,13.98,2092311
2009-04-02,14.23,14.67,14.09,14.3,2409173
2009-04-03,14.52,14.58,14.24,14.58,1322116
2009-04-06,14.38,14.5,14.14,14.29,1639155
2009-04-07,14.14,14.24,13.72,13.75,1507689
2009-04-08,13.77,13.9,13.65,13.9,992805
2009-04-09,13.95,14.73,13.84,14.15,2398740
2009-04-13,14.11,14.33,13.96,14.25,1632605
2009-04-14,14.16,14.39,14.12,14.21,1764293
2009-04-15,14.07,14.28,13.99,14.28,1207188
2009-04-16,14.31,14.7,14.1,14.64,1183795
2009-04-17,14.67,14.73,14.29,14.4,2081873
2009-04-20,14.2,14.47,14.05,14.06,2073826
2009-04-21,14.12,14.55,14.11,14.52,1962824
2009-04-22,14.35,14.77,14.27,14.47,1913391
2009-04-23,14.6,14.64,14.14,14.52,1824606
2009-04-24,14.6,14.78,14.46,14.68,2138927
2009-04-27,14.56,14.79,14.51,14.58,1297671
2009-04-28,14.59,14.73,14.08,14.5,1344374
2009-04-29,12.89,13.5,12.74,12.84,5828549
2009-04-30,12.88,12.98,12.3,12.47,3674815
2009-05-01,12.58,12.75,12.41,12.68,2287348
2009-05-04,12.7,12.9,12.2,12.73,2952030
2009-05-05,12.62,12.88,12.62,12.83,2188017
2009-05-06,12.88,13.0,12.71,12.99,3043601
2009-05-07,13.09,13.37,12.89,13.29,3628947
2009-05-08,13.4,13.74,13.29,13.71,2784672
2009-05-11,13.54,13.64,13.21,13.22,1818640
2009-05-12,13.15,13.38,12.96,13.15,2114430
2009-05-13,13.08,13.11,12.79,12.81,1971859
2009-05-14,12.83,12.99,12.68,12.91,1808731
2009-05-15,12.92,13.28,12.7,13.0,1767322
2009-05-18,13.05,13.19,12.94,13.19,2085749
2009-05-19,13.23,13.25,13.09,13.13,1307127
2009-05-20,13.21,13.55,13.21,13.44,2600225
2009-05-21,13.19,13.4,13.03,13.22,1469377
2009-05-22,13.21,13.46,13.21,13.35,1374559
2009-05-26,13.23,13.7,13.13,13.6,1263251
2009-05-27,13.51,13.84,13.47,13.6,2084065
2009-05-28,13.67,13.75,13.33,13.58,1527405
2009-05-29,13.58,13.65,13.34,13.65,1276935
2009-06-01,13.54,14.0,13.54,13.97,1580931
2009-06-02,13.99,14.23,13.96,14.06,1433010
2009-06-03,14.05,14.14,13.94,13.99,940707
2009-06-04,14.04,14.16,13.89,14.13,1022351
2009-06-05,14.24,14.27,14.08,14.11,1506243
2009-06-08,14.04,14.36,14.03,14.22,1122258
2009-06-09,14.29,14.34,14.15,14.27,870479
2009-06-10,14.37,14.47,14.3,14.36,1517347
2009-06-11,14.49,14.49,14.25,14.35,1598688
2009-06-12,14.32,14.46,14.18,14.46,764634
2009-06-15,13.64,13.89,13.61,13.78,2044603
2009-06-16,13.81,13.91,13.61,13.61,859473
2009-06-17,13.63,13.8,13.55,13.61,1167134
2009-06-18,13.55,13.67,13.42,13.5,1313430
2009-06-19,13.6,13.6,13.21,13.3,1655321
2009-06-22,13.19,13.34,13.14,13.15,1742777
2009-06-23,13.17,13.3,13.02,13.26,1361086
2009-06-24,13.32,13.38,13.12,13.2,977911
2009-06-25,13.13,13.39,13.0,13.37,1099238
2009-06-26,13.28,13.5,13.24,13.46,1435222
2009-06-29,13.46,13.56,13.1,13.18,2486031
2009-06-30,13.29,13.47,13.17,13.39,2567759
2009-07-01,13.44,13.8,13.35,13.7,1654576
2009-07-02,13.54,13.64,13.34,13.34,1033386
2009-07-06,13.28,13.35,13.06,13.27,1176472
2009-07-07,13.23,13.27,12.96,13.0,1388504
2009-07-08,13.03,13.11,12.95,13.0,1683260
2009-07-09,13.08,13.11,12.86,12.97,840480
2009-07-10,12.95,13.01,12.81,12.84,1276494
2009-07-13,12.85,12.97,12.6,12.96,2185202
2009-07-14,12.97,13.03,12.83,13.03,1243483
2009-07-15,12.77,13.0,12.62,12.8,3227427
2009-07-16,12.84,13.24,12.71,13.22,2524676
2009-07-17,13.27,13.32,13.13,13.3,1360933
2009-07-20,13.4,13.55,13.28,13.47,1290685
2009-07-21,13.61,13.67,13.45,13.63,1244706
2009-07-22,13.62,13.68,13.49,13.56,1645171
2009-07-23,13.54,13.55,13.37,13.47,2918095
2009-07-24,13.32,13.47,13.23,13.32,2444454
2009-07-27,13.32,13.42,13.16,13.39,1406173
2009-07-28,13.3,13.68,13.3,13.67,2164664
2009-07-29,13.5,14.7,13.33,14.52,3985107
2009-07-30,14.52,14.72,14.45,14.61,1159568
2009-07-31,14.63,14.78,14.53,14.68,1399069
2009-08-03,14.78,14.95,14.39,14.64,1797388
2009-08-04,14.62,14.73,14.46,14.64,1439100
2009-08-05,14.65,14.65,14.41,14.58,1556064
2009-08-06,14.59,14.69,14.42,14.62,964259
2009-08-07,14.79,14.98,14.67,14.91,1083665
2009-08-10,14.84,14.96,14.78,14.86,640686
2009-08-11,14.76,14.85,14.69,14.77,909965
2009-08-12,14.7,15.16,14.7,15.09,1279648
2009-08-13,15.09,15.24,14.95,15.03,1399218
2009-08-14,15.09,15.22,15.0,15.11,1173532
2009-08-17,14.98,15.07,14.87,14.88,1686915
2009-08-18,14.96,15.15,14.93,15.12,1123309
2009-08-19,14.97,15.2,14.91,15.16,759931
2009-08-20,15.06,15.17,14.96,15.07,881390
2009-08-21,15.05,15.38,15.05,15.36,1447176
2009-08-24,15.49,15.49,15.33,15.37,623856
2009-08-25,15.37,15.51,15.37,15.47,881443
2009-08-26,15.44,15.63,15.38,15.62,1251856
2009-08-27,15.51,15.61,15.13,15.31,1267505
2009-08-28,15.44,15.53,15.27,15.39,1119198
2009-08-31,15.25,15.41,15.13,15.26,777730
2009-09-01,15.26,15.44,14.98,15.03,1869248
2009-09-02,14.98,15.04,14.82,14.93,891457
2009-09-03,14.5,15.01,14.31,15.01,1280824
2009-09-04,15.05,15.15,14.93,15.13,782311
2009-09-08,15.13,15.31,15.09,15.25,1335510
2009-09-09,15.25,15.32,15.13,15.26,1301759
2009-09-10,15.25,15.44,15.01,15.42,1053080
2009-09-11,15.46,15.58,15.33,15.53,792457
2009-09-14,15.33,15.59,15.32,15.59,756113
2009-09-15,15.44,15.68,15.03,15.67,1063056
2009-09-16,15.65,15.95,15.46,15.95,1380115
2009-09-17,15.93,16.04,15.82,15.89,833421
2009-09-18,15.99,16.1,15.84,16.02,1275553
2009-09-21,15.96,16.24,15.87,16.13,1166454
2009-09-22,16.17,16.28,16.02,16.07,933049
2009-09-23,16.11,16.2,16.02,16.09,903061
2009-09-24,16.14,16.15,15.94,16.02,1241689
2009-09-25,15.97,16.08,15.77,15.78,1376116
2009-09-28,15.82,16.37,15.82,16.37,1256285
2009-09-29,16.25,16.43,16.2,16.31,1417249
2009-09-30,16.35,16.38,15.86,16.11,2066771
2009-10-01,16.05,16.18,15.7,15.72,1536260
2009-10-02,15.68,15.83,15.36,15.44,1701858
2009-10-05,15.52,15.75,15.37,15.75,1522064
2009-10-06,15.07,15.97,15.07,15.96,1452430
2009-10-07,15.92,16.0,15.72,16.0,1266768
2009-10-08,16.11,16.3,16.0,16.28,1342031
2009-10-09,16.28,16.36,16.06,16.27,1206757
2009-10-12,16.39,16.47,16.2,16.3,590667
2009-10-13,16.31,16.44,16.19,16.4,960844
2009-10-14,16.57,16.62,16.41,16.59,835218
2009-10-15,16.44,16.72,16.14,16.59,888855
2009-10-16,16.5,16.65,16.44,16.56,1086035
2009-10-19,16.59,16.79,16.56,16.77,783365
2009-10-20,16.86,16.86,16.45,16.73,1039694
2009-10-21,16.71,16.92,16.59,16.62,980125
2009-10-22,16.62,16.75,16.43,16.73,941767
2009-10-23,16.84,16.88,16.46,16.57,930990
2009-10-26,16.65,16.89,16.46,16.47,1369797
2009-10-27,16.51,16.89,15.93,16.55,1535996
2009-10-28,14.89,15.69,14.76,15.45,4093212
2009-10-29,15.56,15.99,15.48,15.98,1810478
2009-10-30,16.0,16.11,15.82,15.97,2950653
2009-11-02,15.97,16.42,15.82,16.23,2947402
2009-11-03,16.19,16.28,16.0,16.22,1508360
2009-11-04,16.29,16.42,16.19,16.22,1284392
2009-11-05,16.36,16.62,16.34,16.62,1484578
2009-11-06,16.57,16.79,16.45,16.75,1253555
2009-11-09,16.88,17.04,16.73,17.04,976803
2009-11-10,17.0,17.11,16.91,16.94,1619835
2009-11-11,17.05,17.18,16.99,17.16,1190033
2009-11-12,17.17,17.31,17.06,17.08,1753620
2009-11-13,17.11,17.2,17.0,17.13,1714944
2009-11-16,17.25,17.5,17.15,17.49,1832921
2009-11-17,17.57,17.57,17.41,17.43,1496720
2009-11-18,17.4,17.46,17.34,17.4,618749
2009-11-19,17.34,17.37,17.24,17.29,1746327
2009-11-20,17.23,17.29,17.13,17.18,1623909
2009-11-23,17.38,17.61,17.32,17.54,1401470
2009-11-24,17.58,17.59,17.4,17.49,1429728
2009-11-25,17.56,17.64,17.47,17.5,574024
2009-11-27,17.18,17.33,17.02,17.15,466333
2009-11-30,17.18,17.28,17.03,17.28,991785
2009-12-01,17.3,17.58,17.3,17.55,830453
2009-12-02,17.6,17.71,17.38,17.48,1283441
2009-12-03,17.49,17.59,17.28,17.29,604409
2009-12-04,17.49,17.71,17.32,17.55,827431
2009-12-07,17.44,17.7,17.44,17.57,689353
2009-12-08,17.7,17.7,17.4,17.49,1234861
2009-12-09,17.43,17.46,17.11,17.22,1799826
2009-12-10,17.24,17.47,17.11,17.28,993246
2009-12-11,17.31,17.4,17.23,17.3,508042
2009-12-14,17.4,17.48,17.34,17.44,560715
2009-12-15,17.14,17.43,17.14,17.31,658839
2009-12-16,17.31,17.52,17.24,17.49,883693
2009-12-17,17.48,17.5,17.31,17.35,890223
2009-12-18,17.45,17.59,17.4,17.59,1679867
2009-12-21,17.59,17.66,17.34,17.45,827117
2009-12-22,17.42,17.5,17.35,17.42,669669
2009-12-23,17.42,17.5,17.37,17.39,561703
2009-12-24,17.44,17.48,17.35,17.43,380061
2009-12-28,17.36,17.47,17.31,17.4,527875
2009-12-29,17.34,17.4,17.29,17.34,715467
2009-12-30,17.26,17.45,17.18,17.45,715735
2009-12-31,17.44,17.47,17.27,17.27,625697
2010-01-04,17.32,17.38,16.57,17.21,1795196
2010-01-05,17.19,17.32,17.09,17.21,1045682
2010-01-06,17.16,17.24,16.89,16.89,1188181
2010-01-07,16.77,16.91,16.63,16.78,1276002
2010-01-08,16.78,17.04,16.62,17.02,1408977
2010-01-11,17.13,17.24,16.95,17.0,1379335
2010-01-12,16.88,17.0,16.86,16.94,1178882
2010-01-13,16.94,17.1,16.91,17.07,908624
2010-01-14,17.06,17.16,16.97,16.98,921858
2010-01-15,16.84,16.9,16.5,16.51,1871328
2010-01-19,16.54,17.11,16.51,17.08,2389486
2010-01-20,16.96,17.18,16.76,17.01,2457585
2010-01-21,14.9,15.13,14.3,14.98,14303160
2010-01-22,14.84,15.09,14.67,14.69,3385253
2010-01-25,14.44,14.56,14.19,14.54,3738127
2010-01-26,14.57,15.1,14.31,14.93,3071348
2010-01-27,14.83,15.05,14.65,14.82,2164929
2010-01-28,14.86,17.75,14.65,14.67,1782880
2010-01-29,14.77,14.77,14.27,14.31,2901239
2010-02-01,14.34,14.55,14.26,14.54,2125819
2010-02-02,14.58,14.66,14.44,14.59,2043142
2010-02-03,14.57,14.68,14.4,14.48,2010434
2010-02-04,14.63,14.99,14.5,14.51,2991114
2010-02-05,14.49,14.63,14.3,14.56,1754409
2010-02-08,14.26,14.59,14.21,14.41,3489515
2010-02-09,14.57,14.65,14.39,14.56,2639054
2010-02-10,14.56,14.57,14.26,14.34,1734087
2010-02-11,14.35,14.39,14.11,14.34,1609937
2010-02-12,14.26,14.26,14.12,14.23,1039471
2010-02-16,14.27,14.41,14.17,14.37,1249175
2010-02-17,14.44,14.44,14.28,14.36,989056
2010-02-18,14.33,14.43,14.29,14.37,764603
2010-02-19,14.33,14.48,14.2,14.38,1434105
2010-02-22,14.44,14.52,14.37,14.4,1246947
2010-02-23,14.41,14.56,14.3,14.47,1896622
2010-02-24,14.53,14.61,14.43,14.5,1002128
2010-02-25,14.35,14.48,14.15,14.45,1138782
2010-02-26,14.48,14.48,14.21,14.24,2117461
2010-03-01,14.56,14.68,14.29,14.5,2054488
2010-03-02,14.64,14.64,14.38,14.4,2019953
2010-03-03,14.46,14.6,14.46,14.54,1058024
2010-03-04,14.55,14.64,14.5,14.55,917079
2010-03-05,14.65,14.89,14.57,14.89,1044777
2010-03-08,14.89,15.02,14.87,14.96,1078825
2010-03-09,14.92,15.1,14.87,15.04,1050193
2010-03-10,15.02,15.07,14.94,15.04,958709
2010-03-11,15.02,15.09,14.92,15.09,791951
2010-03-12,15.08,15.18,15.01,15.13,1202440
2010-03-15,15.09,15.21,14.99,15.12,1078259
2010-03-16,15.11,15.18,15.05,15.13,916294
2010-03-17,15.13,15.37,15.12,15.3,1466244
2010-03-18,15.25,15.34,15.19,15.22,1339425
2010-03-19,15.28,15.4,15.08,15.16,1897207
2010-03-22,15.12,15.65,15.1,15.54,1601269
2010-03-23,15.6,15.65,15.47,15.61,891500
2010-03-24,15.54,15.66,15.39,15.47,1150481
2010-03-25,15.54,15.66,15.42,15.47,1523973
2010-03-26,15.54,15.86,15.54,15.61,1659529
2010-03-29,15.7,15.86,15.61,15.73,1711765
2010-03-30,15.77,15.94,15.75,15.92,1098564
2010-03-31,15.9,15.92,15.63,15.66,1554923
2010-04-01,15.73,15.87,15.65,15.83,1214286
2010-04-05,15.83,16.04,15.81,16.03,868591
2010-04-06,15.93,16.28,15.88,16.09,2370148
2010-04-07,16.04,16.2,16.04,16.11,1397422
2010-04-08,16.03,16.13,15.92,16.1,1338127
2010-04-09,16.1,16.34,16.03,16.33,848731
2010-04-12,16.32,16.33,16.19,16.25,667290
2010-04-13,16.25,16.32,16.17,16.17,1296802
2010-04-14,16.22,16.45,16.22,16.41,1196372
2010-04-15,16.38,16.59,16.26,16.49,1580785
2010-04-16,16.46,16.52,16.2,16.21,1614925
2010-04-19,16.11,16.33,16.07,16.28,1771858
2010-04-20,16.36,16.5,16.21,16.5,1878720
2010-04-21,16.91,16.99,16.19,16.4,3746739
2010-04-22,16.25,16.55,16.17,16.52,1389224
2010-04-23,16.56,16.77,16.4,16.77,1212795
2010-04-26,16.71,16.82,16.59,16.63,991274
2010-04-27,16.57,16.63,16.09,16.13,1844189
2010-04-28,16.16,16.21,15.97,16.04,1913064
2010-04-29,16.14,16.28,16.09,16.19,1019859
2010-04-30,16.23,16.28,16.0,16.01,1811126
2010-05-03,16.14,16.18,15.81,15.96,2852586
2010-05-04,15.83,15.85,15.5,15.58,1985786
2010-05-05,15.41,15.58,15.41,15.5,2091576
2010-05-06,15.48,15.67,14.59,15.23,5432678
2010-05-07,15.13,15.34,14.77,14.95,2705177
2010-05-10,15.58,15.6,15.38,15.52,1720418
2010-05-11,15.34,15.64,15.3,15.43,1764460
2010-05-12,15.51,15.72,15.5,15.67,1389746
2010-05-13,15.67,15.76,15.56,15.56,1404955
2010-05-14,15.42,15.56,15.14,15.26,1606066
2010-05-17,15.28,15.48,15.18,15.42,1580763
2010-05-18,15.58,15.65,15.33,15.34,1945602
2010-05-19,15.34,15.39,14.99,15.03,3069509
2010-05-20,14.82,14.89,14.28,14.3,3741386
2010-05-21,14.02,14.5,14.02,14.46,2620464
2010-05-24,14.37,14.59,14.3,14.36,1410676
2010-05-25,14.1,14.24,13.93,14.24,2182548
2010-05-26,14.31,14.64,14.28,14.32,2369126
2010-05-27,14.53,14.74,14.41,14.74,1426911
2010-05-28,14.75,14.75,14.53,14.6,1241504
2010-06-01,14.45,14.62,14.29,14.32,1398144
2010-06-02,14.4,14.55,14.27,14.55,1165320
2010-06-03,14.49,14.88,14.49,14.84,1340497
2010-06-04,14.46,14.7,14.24,14.28,1621095
2010-06-07,14.32,14.35,13.95,13.95,1367554
2010-06-08,13.97,14.17,13.85,14.14,2452509
2010-06-09,14.17,14.32,13.97,14.04,1341924
2010-06-10,14.19,14.47,14.19,14.46,1165203
2010-06-11,14.33,14.43,14.22,14.41,1081595
2010-06-14,14.48,14.61,14.38,14.38,786616
2010-06-15,14.49,14.82,14.37,14.82,838787
2010-06-16,14.75,14.95,14.69,14.76,1204478
2010-06-17,14.85,14.87,14.65,14.77,1253824
2010-06-18,14.87,14.9,14.69,14.85,1179248
2010-06-21,14.99,15.02,14.58,14.64,1409629
2010-06-22,14.66,14.85,14.4,14.45,1156272
2010-06-23,14.44,14.44,14.21,14.34,1137385
2010-06-24,14.29,14.35,14.1,14.13,874901
2010-06-25,14.17,14.2,14.02,14.13,2842900
2010-06-28,14.19,14.24,14.01,14.03,806569
2010-06-29,13.82,13.92,13.55,13.64,1508219
2010-06-30,13.58,13.72,13.52,13.6,2081626
2010-07-01,13.55,13.81,13.41,13.79,2093394
2010-07-02,13.8,13.9,13.59,13.63,1508258
2010-07-06,13.81,13.9,13.6,13.71,1547800
2010-07-07,13.75,14.22,13.65,14.21,1126945
2010-07-08,14.39,14.42,14.17,14.34,996630
2010-07-09,14.26,14.45,14.26,14.45,590083
2010-07-12,14.39,14.55,14.32,14.48,713644
2010-07-13,14.62,14.8,14.56,14.74,845424
2010-07-14,14.76,14.78,14.64,14.71,1279254
2010-07-15,14.78,14.79,14.52,14.73,1041823
2010-07-16,14.64,14.64,14.14,14.15,1144530
2010-07-19,14.3,14.37,14.17,14.28,923698
2010-07-20,14.13,14.47,14.06,14.46,951205
2010-07-21,14.53,14.56,14.08,14.16,1451573
2010-07-22,15.11,15.74,14.85,15.33,4013120
2010-07-23,15.27,15.53,15.17,15.42,1917348
2010-07-26,15.47,15.54,15.36,15.49,1016032
2010-07-27,15.52,15.52,15.21,15.3,1899413
2010-07-28,15.22,15.25,15.02,15.06,973236
2010-07-29,15.08,15.16,14.75,14.9,1479033
2010-07-30,14.82,15.01,14.74,14.91,872998
2010-08-02,15.08,15.16,14.92,15.12,1364050
2010-08-03,15.09,15.13,14.86,14.9,857408
2010-08-04,14.9,15.08,14.81,15.05,1033853
2010-08-05,14.96,15.08,14.86,15.07,1730963
2010-08-06,14.93,15.21,14.93,15.2,1393438
2010-08-09,15.27,15.44,15.24,15.43,1170408
2010-08-10,15.33,15.33,14.96,15.06,967798
2010-08-11,14.84,14.85,14.51,14.52,1288187
2010-08-12,14.29,14.44,14.24,14.37,908542
2010-08-13,14.31,14.4,14.23,14.36,964386
2010-08-16,14.27,14.42,14.14,14.39,1026837
2010-08-17,14.52,14.67,14.46,14.51,803128
2010-08-18,14.48,14.58,14.42,14.52,531498
2010-08-19,14.43,14.44,14.11,14.24,1046257
2010-08-20,14.13,14.22,14.02,14.19,775414
2010-08-23,14.26,14.3,14.08,14.16,673056
2010-08-24,14.01,14.12,13.87,14.0,1044862
2010-08-25,13.9,14.3,13.88,14.25,1257735
2010-08-26,14.32,14.42,14.2,14.26,1419818
2010-08-27,14.33,14.57,14.18,14.55,1153496
2010-08-30,14.5,14.54,14.28,14.31,1309970
2010-08-31,14.22,14.33,14.09,14.2,1320752
2010-09-01,14.37,14.85,14.32,14.83,1991895
2010-09-02,14.8,14.84,14.3,14.34,3237739
2010-09-03,14.45,14.57,14.41,14.54,1469326
2010-09-07,14.49,14.55,14.33,14.35,1315234
2010-09-08,14.4,14.42,14.16,14.26,1433139
2010-09-09,14.43,14.47,14.0,14.08,1379863
2010-09-10,14.12,14.25,13.98,14.21,1344626
2010-09-13,14.33,14.6,14.32,14.56,1537204
2010-09-14,14.45,14.63,14.44,14.45,1436898
2010-09-15,14.41,14.73,14.35,14.65,1634971
2010-09-16,14.62,14.82,14.61,14.75,1504221
2010-09-17,14.8,15.0,14.8,14.99,5740086
2010-09-20,14.99,15.29,14.9,15.27,1501688
2010-09-21,15.28,15.3,14.95,15.06,1590635
2010-09-22,15.09,15.2,14.93,14.99,1052644
2010-09-23,14.86,15.05,14.8,14.86,1130159
2010-09-24,15.0,15.26,14.98,15.26,1229553
2010-09-27,15.26,15.32,15.11,15.21,869456
2010-09-28,15.25,15.34,15.12,15.27,1045663
2010-09-29,15.26,15.28,15.11,15.22,927352
2010-09-30,15.34,15.5,15.16,15.24,1052353
2010-10-01,15.36,15.45,15.21,15.27,1217476
2010-10-04,15.26,15.38,15.11,15.23,1011189
2010-10-05,15.37,15.48,15.2,15.47,1036455
2010-10-06,15.42,15.49,15.18,15.28,791268
2010-10-07,15.37,15.39,15.17,15.28,848803
2010-10-08,15.32,15.39,15.2,15.35,643940
2010-10-11,15.35,15.42,15.29,15.37,368758
2010-10-12,15.33,15.53,15.23,15.5,1349534
2010-10-13,15.55,15.72,15.48,15.64,1487173
2010-10-14,15.66,15.9,15.55,15.76,2304628
2010-10-15,15.93,15.97,15.83,15.91,1850281
2010-10-18,15.82,15.99,15.82,15.99,853339
2010-10-19,15.78,15.89,15.63,15.7,948697
2010-10-20,15.76,15.99,15.76,15.98,1199964
2010-10-21,15.93,16.0,15.58,15.77,1443751
2010-10-22,15.77,15.98,15.68,15.98,767214
2010-10-25,16.05,16.1,15.8,15.81,1335434
2010-10-26,15.7,15.81,15.56,15.69,965812
2010-10-27,15.58,15.67,15.35,15.51,1027571
2010-10-28,15.57,15.65,15.39,15.5,839772
2010-10-29,15.46,15.7,15.46,15.61,1101019
2010-11-01,15.63,15.75,15.42,15.49,770962
2010-11-02,15.6,15.7,15.57,15.64,656016
2010-11-03,15.69,15.71,15.49,15.67,715043
2010-11-04,15.83,15.89,15.74,15.8,988239
2010-11-05,15.8,15.95,15.76,15.92,882291
2010-11-08,15.84,15.99,15.8,15.8,704240
2010-11-09,15.88,16.0,15.66,15.69,1022104
2010-11-10,15.67,15.88,15.67,15.86,735793
2010-11-11,15.66,15.9,15.62,15.79,804916
2010-11-12,15.71,15.75,15.51,15.52,756211
2010-11-15,15.58,15.67,15.36,15.36,1114081
2010-11-16,15.28,15.32,14.97,15.1,1882454
2010-11-17,15.13,15.37,14.99,15.35,1301875
2010-11-18,15.5,15.65,15.44,15.56,731864
2010-11-19,15.56,15.62,15.49,15.62,672900
2010-11-22,15.51,15.66,15.44,15.65,667086
2010-11-23,15.48,15.57,15.34,15.47,1103348
2010-11-24,15.24,15.49,15.24,15.44,1261429
2010-11-26,15.34,15.45,15.29,15.43,528724
2010-11-29,15.34,15.35,14.99,15.19,1094698
2010-11-30,15.07,15.29,15.07,15.09,794015
2010-12-01,15.27,15.47,15.25,15.28,1070718
2010-12-02,15.26,15.55,15.18,15.43,1159795
2010-12-03,15.35,15.56,15.33,15.56,983484
2010-12-06,15.5,15.5,15.33,15.42,579916
2010-12-07,15.56,15.62,15.42,15.43,756033
2010-12-08,15.39,15.5,15.36,15.41,1173125
2010-12-09,15.5,15.5,15.22,15.26,1086145
2010-12-10,15.28,15.35,15.17,15.34,1108074
2010-12-13,15.42,15.46,15.28,15.34,715895
2010-12-14,15.32,15.32,15.18,15.2,864587
2010-12-15,15.15,15.4,15.15,15.26,1370553
2010-12-16,15.3,15.47,15.25,15.33,925201
2010-12-17,15.32,15.43,15.22,15.28,1307734
2010-12-20,15.35,15.38,15.24,15.28,496973
2010-12-21,15.37,15.41,15.13,15.17,1506344
2010-12-22,15.2,15.31,15.17,15.3,595526
2010-12-23,15.31,15.37,15.2,15.2,495530
2010-12-27,15.13,15.32,15.1,15.29,535950
2010-12-28,15.34,15.39,15.27,15.38,561895
2010-12-29,15.44,15.51,15.38,15.49,637295
2010-12-30,15.47,15.51,15.39,15.39,657355
2010-12-31,15.39,15.47,15.36,15.38,474881
2011-01-03,15.47,15.75,15.44,15.74,993517
2011-01-04,15.74,15.75,15.54,15.57,1034223
2011-01-05,15.53,15.87,15.53,15.86,1117114
2011-01-06,15.84,16.02,15.8,15.96,1121084
2011-01-07,15.95,16.12,15.84,15.95,897426
2011-01-10,15.89,16.08,15.84,16.02,687030
2011-01-11,16.06,16.18,16.02,16.04,1017983
2011-01-12,16.18,16.2,16.06,16.13,860793
2011-01-13,16.12,16.15,15.71,15.81,1426164
2011-01-14,15.82,16.5,15.75,16.41,1827457
2011-01-18,16.91,17.8,16.86,17.45,3426195
2011-01-19,17.45,17.45,17.06,17.22,1495488
2011-01-20,17.14,17.16,16.89,17.07,1491501
2011-01-21,17.19,17.19,16.88,17.07,1401912
2011-01-24,17.05,17.52,17.0,17.38,1274484
2011-01-25,17.3,17.55,17.2,17.53,1311192
2011-01-26,17.59,18.07,17.45,17.95,2839103
2011-01-27,17.89,17.94,17.71,17.85,1278609
2011-01-28,17.85,18.04,17.26,17.38,2122214
2011-01-31,17.43,17.57,17.28,17.41,1688462
2011-02-01,17.52,17.77,17.52,17.74,1155783
2011-02-02,17.64,17.74,17.33,17.4,1278131
2011-02-03,17.4,17.46,17.2,17.38,920116
2011-02-04,17.4,17.48,17.23,17.41,1241128
2011-02-07,17.46,17.7,17.36,17.66,1082059
2011-02-08,17.63,17.79,17.59,17.76,826130
2011-02-09,17.67,17.7,17.52,17.66,792820
2011-02-10,17.56,17.8,17.38,17.73,1485817
2011-02-11,17.71,17.78,17.45,17.7,1239691
2011-02-14,17.7,17.84,17.61,17.77,848171
2011-02-15,17.73,17.76,17.55,17.71,883264
2011-02-16,17.74,17.84,17.63,17.71,966476
2011-02-17,17.68,17.78,17.63,17.72,821971
2011-02-18,17.76,17.96,17.58,17.63,1844349
2011-02-22,17.48,17.64,17.27,17.37,1119074
2011-02-23,17.35,17.45,17.0,17.22,1487409
2011-02-24,17.19,17.37,17.02,17.26,1094477
2011-02-25,17.31,17.64,17.27,17.63,933214
2011-02-28,17.65,17.77,17.53,17.75,902354
2011-03-01,18.02,18.15,17.69,17.74,2415223
2011-03-02,17.7,18.12,17.7,17.99,1948870
2011-03-03,18.16,18.55,18.16,18.4,2099375
2011-03-04,18.34,18.34,17.88,18.08,1384869
2011-03-07,18.11,18.17,17.65,17.85,1156899
2011-03-08,17.87,18.2,17.77,18.15,1352960
2011-03-09,18.08,18.2,17.86,18.17,923246
2011-03-10,17.96,18.0,17.77,17.84,1189601
2011-03-11,17.77,18.0,17.7,17.92,954137
2011-03-14,17.8,17.94,17.61,17.84,852990
2011-03-15,17.36,17.67,17.26,17.57,1287201
2011-03-16,17.55,17.62,17.2,17.48,2233692
2011-03-17,17.73,17.79,17.52,17.67,1874577
2011-03-18,17.86,17.92,17.66,17.77,1185751
2011-03-21,17.93,18.11,17.83,18.06,847227
2011-03-22,18.03,18.17,17.93,17.97,881670
2011-03-23,17.9,18.03,17.75,18.01,646368
2011-03-24,18.1,18.26,17.98,18.24,686019
2011-03-25,18.27,18.4,18.18,18.18,787029
2011-03-28,18.25,18.29,18.12,18.15,889716
2011-03-29,18.15,18.18,17.98,17.99,1585869
2011-03-30,18.14,18.17,17.97,18.08,1282099
2011-03-31,18.04,18.16,17.99,18.02,1548648
2011-04-01,18.09,18.29,18.03,18.23,880580
2011-04-04,18.27,18.47,18.15,18.46,947858
2011-04-05,18.36,18.5,18.32,18.42,1000126
2011-04-06,18.49,18.56,18.35,18.53,643025
2011-04-07,18.54,18.61,18.44,18.57,930766
2011-04-08,18.63,18.64,18.3,18.39,648740
2011-04-11,18.36,18.6,18.34,18.42,714900
2011-04-12,18.35,18.44,18.19,18.27,672841
2011-04-13,18.34,18.5,18.25,18.42,998604
2011-04-14,18.3,18.83,18.2,18.83,1418165
2011-04-15,18.81,19.15,18.75,18.96,1940473
2011-04-18,18.78,18.78,18.51,18.67,1092856
2011-04-19,18.67,18.73,18.49,18.71,1321356
2011-04-20,18.93,19.08,18.66,18.89,1030598
2011-04-21,18.98,19.12,18.87,19.11,1067140
2011-04-25,19.08,19.21,19.03,19.06,1003259
2011-04-26,19.13,19.2,18.92,19.1,1671189
2011-04-27,19.16,19.16,18.22,18.65,3286180
2011-04-28,18.61,18.89,18.54,18.82,1325177
2011-04-29,18.84,19.05,18.8,18.85,1169683
2011-05-02,18.97,19.02,18.82,18.86,852607
2011-05-03,18.92,19.02,18.75,19.02,1118936
2011-05-04,19.0,19.0,18.75,18.83,1165706
2011-05-05,18.76,18.82,18.58,18.68,1012676
2011-05-06,19.21,19.27,18.77,18.85,1903552
2011-05-09,18.8,18.99,18.72,18.9,755409
2011-05-10,19.0,19.26,18.95,19.21,702563
2011-05-11,19.15,19.24,18.83,18.92,928598
2011-05-12,18.88,19.16,18.67,19.1,947918
2011-05-13,19.11,19.13,18.91,18.99,919522
2011-05-16,18.93,18.97,18.69,18.74,736385
2011-05-17,18.64,18.74,18.48,18.62,993311
2011-05-18,18.65,19.0,18.64,18.95,898446
2011-05-19,18.99,19.06,18.81,18.93,590648
2011-05-20,18.98,19.03,18.74,18.85,1194164
2011-05-23,18.61,18.66,18.4,18.41,1092099
2011-05-24,18.43,18.44,18.23,18.32,794671
2011-05-25,18.28,18.46,18.24,18.38,679447
2011-05-26,18.31,18.39,18.08,18.32,1672875
2011-05-27,18.4,18.55,18.27,18.47,866899
2011-05-31,18.53,18.64,18.42,18.6,1396677
2011-06-01,18.59,18.63,18.23,18.24,1410525
2011-06-02,18.27,18.28,18.04,18.2,1043336
2011-06-03,18.0,18.07,17.81,17.82,1466398
2011-06-06,17.75,17.89,17.66,17.82,969917
2011-06-07,17.9,17.91,17.68,17.76,1274495
2011-06-08,17.78,17.78,17.5,17.6,1311841
2011-06-09,17.63,17.82,17.58,17.68,1007180
2011-06-10,17.61,17.69,17.37,17.45,982139
2011-06-13,17.55,17.59,17.41,17.48,955554
2011-06-14,17.62,17.71,17.51,17.55,899664
2011-06-15,17.39,17.53,17.09,17.15,1589355
2011-06-16,17.16,17.46,17.09,17.46,1785470
2011-06-17,17.67,17.88,17.59,17.75,2016543
2011-06-20,17.66,17.85,17.61,17.81,983489
2011-06-21,17.94,18.09,17.85,18.09,745491
2011-06-22,18.02,18.11,17.93,18.02,1037223
2011-06-23,17.79,17.96,17.65,17.95,1518858
2011-06-24,17.95,18.0,17.73,17.76,1342047
2011-06-27,17.81,17.95,17.69,17.89,518490
2011-06-28,17.94,18.3,17.93,18.21,1460001
2011-06-29,18.28,18.36,18.1,18.3,1802790
2011-06-30,18.39,18.64,18.36,18.58,948090
2011-07-01,18.61,18.84,18.51,18.79,862203
2011-07-05,18.78,18.79,18.66,18.72,824167
2011-07-06,18.65,18.79,18.61,18.78,818844
2011-07-07,18.94,19.0,18.91,18.91,813140
2011-07-08,18.72,18.79,18.55,18.65,1137741
2011-07-11,18.43,18.53,18.32,18.42,779340
2011-07-12,18.4,18.47,18.28,18.34,1130465
2011-07-13,18.46,18.58,18.31,18.47,1181380
2011-07-14,18.5,18.56,18.09,18.13,1130521
2011-07-15,18.22,18.22,18.06,18.12,1268102
2011-07-18,18.04,18.14,17.68,17.83,1087250
2011-07-19,17.95,18.08,17.87,18.08,1062532
2011-07-20,18.15,18.2,17.96,18.14,823283
2011-07-21,18.22,18.42,18.14,18.28,972356
2011-07-22,18.24,18.28,18.0,18.17,1175295
2011-07-25,18.05,18.37,18.0,18.25,1103731
2011-07-26,18.22,18.27,18.07,18.16,1045402
2011-07-27,18.99,19.36,18.83,19.13,4170618
2011-07-28,19.09,19.34,18.84,19.05,2260663
2011-07-29,18.89,19.25,18.59,18.61,3185598
2011-08-01,18.79,18.87,18.26,18.37,2113866
2011-08-02,18.21,18.41,17.94,17.96,2198446
2011-08-03,17.94,18.19,17.63,18.16,2696017
2011-08-04,17.94,17.94,17.46,17.52,2945443
2011-08-05,17.74,17.82,17.18,17.73,3660002
2011-08-08,17.3,17.51,16.16,16.52,5702932
2011-08-09,16.68,16.81,15.8,16.79,4018570
2011-08-10,16.41,16.89,16.26,16.42,4806741
2011-08-11,16.49,17.46,16.47,17.22,3429628
2011-08-12,17.45,17.67,17.14,17.39,2163007
2011-08-15,17.18,17.4,16.98,17.27,2179557
2011-08-16,17.22,17.43,17.07,17.29,1184720
2011-08-17,17.36,17.47,17.11,17.21,915417
2011-08-18,16.82,16.82,16.38,16.5,2196906
2011-08-19,16.35,16.68,16.34,16.55,2625484
2011-08-22,16.8,16.93,16.61,16.74,1558546
2011-08-23,16.77,17.43,16.71,17.41,1520816
2011-08-24,17.42,17.77,17.34,17.76,1671535
2011-08-25,17.83,17.85,17.1,17.14,2115714
2011-08-26,17.07,17.5,16.86,17.48,1436462
2011-08-29,17.71,18.04,17.7,18.04,1297701
2011-08-30,17.97,18.23,17.8,18.1,1661175
2011-08-31,18.23,18.38,18.11,18.15,1488190
2011-09-01,18.11,18.31,17.71,17.71,1740249
2011-09-02,17.46,17.46,17.19,17.2,1281141
2011-09-06,16.7,17.13,16.65,17.12,2008463
2011-09-07,17.4,17.7,17.34,17.7,1262820
2011-09-08,17.49,17.72,17.39,17.44,1241166
2011-09-09,17.24,17.32,16.94,17.01,1694477
2011-09-12,16.79,17.33,16.76,17.33,1925894
2011-09-13,17.3,17.53,17.18,17.51,1323324
2011-09-14,17.54,18.04,17.2,17.88,1925450
2011-09-15,18.03,18.19,17.84,18.19,1270642
2011-09-16,18.26,18.49,18.16,18.29,1749231
2011-09-19,18.01,18.21,17.9,18.11,1115292
2011-09-20,18.2,18.43,18.07,18.07,1666848
2011-09-21,18.04,18.18,17.56,17.57,1341231
2011-09-22,17.14,17.28,16.87,17.06,1993680
2011-09-23,17.09,17.37,16.97,17.19,2417411
2011-09-26,17.29,17.53,17.05,17.53,1937955
2011-09-27,17.78,17.99,17.56,17.65,1569575
2011-09-28,17.61,17.66,17.19,17.2,1474750
2011-09-29,17.52,17.62,16.84,17.2,2088491
2011-09-30,17.0,17.24,16.86,16.93,1485724
2011-10-03,16.82,17.29,16.8,16.95,3751430
2011-10-04,16.64,17.44,16.59,17.43,2526130
2011-10-05,17.53,17.88,17.23,17.85,2292377
2011-10-06,17.79,18.03,17.68,17.83,2390108
2011-10-07,18.09,18.27,17.74,17.96,2192335
2011-10-10,18.28,18.37,18.11,18.36,1598567
2011-10-11,18.3,18.45,18.14,18.4,1007203
2011-10-12,18.56,18.8,18.42,18.7,1435205
2011-10-13,18.49,18.88,18.4,18.82,1537557
2011-10-14,19.0,19.04,18.89,19.0,1174153
2011-10-17,18.89,18.93,18.57,18.63,1690629
2011-10-18,18.67,18.95,18.39,18.84,1708984
2011-10-19,18.81,18.83,18.4,18.44,1342539
2011-10-20,18.56,18.6,18.15,18.5,1375617
2011-10-21,18.67,18.88,18.58,18.88,1199133
2011-10-24,19.13,19.27,18.9,19.26,1631849
2011-10-25,19.23,19.23,18.68,18.71,1542014
2011-10-26,19.15,20.28,19.15,19.61,5178016
2011-10-27,20.18,20.5,19.98,20.07,2317406
2011-10-28,20.33,20.37,20.05,20.25,1661335
2011-10-31,20.0,20.23,19.88,19.89,1142329
2011-11-01,19.48,19.72,19.25,19.38,2405987
2011-11-02,19.7,19.9,19.56,19.75,1195001
2011-11-03,19.98,20.29,19.71,20.25,1270827
2011-11-04,20.07,20.12,19.8,20.08,1161963
2011-11-07,20.05,20.08,19.78,20.08,993225
2011-11-08,20.16,20.23,19.85,20.21,1443941
2011-11-09,19.75,19.76,19.43,19.45,1588687
2011-11-10,19.68,19.82,19.53,19.68,898065
2011-11-11,19.97,20.27,19.76,20.26,1395955
2011-11-14,20.13,20.13,19.88,19.92,821614
2011-11-15,19.84,20.27,19.81,20.2,1129988
2011-11-16,19.94,20.28,19.81,19.83,1660077
2011-11-17,19.75,19.87,19.34,19.34,1837488
2011-11-18,19.47,19.54,19.27,19.5,1526677
2011-11-21,19.24,19.28,19.04,19.17,1044106
2011-11-22,19.17,19.26,19.01,19.06,1019453
2011-11-23,18.88,18.98,18.72,18.77,1603583
2011-11-25,18.8,18.94,18.73,18.73,421807
2011-11-28,18.84,19.25,18.81,19.25,1539221
2011-11-29,19.25,19.33,19.13,19.29,1116209
2011-11-30,19.92,20.04,19.64,20.04,2034501
2011-12-01,19.95,20.15,19.78,20.03,1144278
2011-12-02,20.14,20.19,19.9,20.07,1400600
2011-12-05,20.28,20.36,19.97,20.26,2456834
2011-12-06,20.3,20.43,19.97,20.29,2659613
2011-12-07,20.18,20.2,19.79,19.95,2131769
2011-12-08,19.82,19.9,19.6,19.65,2083558
2011-12-09,19.67,20.25,19.62,20.2,1699105
2011-12-12,19.97,19.97,19.59,19.84,1926974
2011-12-13,19.77,19.91,19.47,19.57,1377994
2011-12-14,19.46,19.48,19.24,19.29,1653687
2011-12-15,19.43,19.48,19.16,19.21,1070207
2011-12-16,19.38,19.49,19.15,19.21,1275174
2011-12-19,19.34,19.36,18.89,18.96,782313
2011-12-20,19.23,19.76,19.19,19.76,1375925
2011-12-21,19.74,19.74,19.41,19.59,1256783
2011-12-22,19.59,19.75,19.58,19.63,821995
2011-12-23,19.69,19.71,19.58,19.68,474464
2011-12-27,19.63,19.74,19.55,19.68,575668
2011-12-28,19.67,19.69,19.46,19.49,846882
2011-12-29,19.5,19.7,19.5,19.61,560595
2011-12-30,19.64,19.71,19.54,19.56,568648
2012-01-03,19.83,19.97,19.8,19.93,1590329
2012-01-04,19.89,19.9,19.64,19.66,1198965
2012-01-05,19.56,19.62,19.4,19.51,1258129
2012-01-06,19.42,19.55,19.37,19.4,1561748
2012-01-09,19.4,19.54,19.35,19.51,773094
2012-01-10,19.66,20.27,19.66,20.25,1920963
2012-01-11,20.18,20.4,20.15,20.38,992064
2012-01-12,19.85,20.59,19.85,20.58,1141177
2012-01-13,20.51,20.65,20.26,20.62,1996163
2012-01-17,20.72,20.84,20.56,20.69,1063659
2012-01-18,20.67,20.94,20.6,20.89,711938
2012-01-19,20.84,20.99,20.79,20.94,876962
2012-01-20,20.96,20.96,20.66,20.8,824819
2012-01-23,20.72,20.82,20.55,20.71,601078
2012-01-24,20.56,20.97,20.49,20.94,1607311
2012-01-25,21.81,22.42,21.64,21.83,5208980
2012-01-26,21.89,22.0,21.57,21.72,1940103
2012-01-27,21.71,21.86,21.46,21.46,1509420
2012-01-30,21.26,21.46,21.14,21.38,1592253
2012-01-31,21.45,21.52,21.18,21.44,1117120
2012-02-01,21.6,21.6,21.36,21.4,1609504
2012-02-02,21.46,21.56,21.32,21.37,1187607
2012-02-03,21.52,21.82,21.51,21.6,1275672
2012-02-06,21.44,21.76,21.39,21.69,1259375
2012-02-07,21.55,21.78,21.51,21.6,1020008
2012-02-08,21.61,21.64,21.38,21.51,751235
2012-02-09,21.59,21.67,21.44,21.61,644181
2012-02-10,21.46,21.49,21.35,21.42,725112
2012-02-13,21.52,21.61,21.31,21.43,1115367
2012-02-14,21.3,21.58,21.3,21.55,955874
2012-02-15,21.63,21.7,21.45,21.47,1028120
2012-02-16,21.5,21.78,21.48,21.6,1189694
2012-02-17,21.65,21.7,21.53,21.64,749332
2012-02-21,21.64,21.72,21.46,21.56,594640
2012-02-22,21.57,21.71,21.47,21.55,1366571
2012-02-23,21.57,21.94,21.45,21.77,1906682
2012-02-24,21.83,21.99,21.74,21.96,1006612
2012-02-27,21.79,22.02,21.7,21.92,1068475
2012-02-28,21.88,22.04,21.75,21.94,977707
2012-02-29,21.98,22.0,21.82,21.88,1216591
2012-03-01,21.97,22.07,21.72,21.85,1043988
2012-03-02,22.21,22.34,21.89,21.98,1423296
2012-03-05,21.88,22.01,21.75,21.94,948832
2012-03-06,21.77,21.87,21.56,21.64,773662
2012-03-07,21.69,22.09,21.63,22.05,1430784
2012-03-08,22.25,22.25,22.02,22.18,1675778
2012-03-09,22.26,22.39,22.21,22.32,1169228
2012-03-12,22.36,22.44,22.23,22.33,609467
2012-03-13,22.45,22.52,22.29,22.52,1044184
2012-03-14,22.54,22.69,22.52,22.65,867116
2012-03-15,22.68,22.74,22.45,22.71,1312698
2012-03-16,22.72,22.9,22.64,22.83,1390672
2012-03-19,22.74,22.82,22.69,22.74,605304
2012-03-20,22.57,22.8,22.44,22.74,1062724
2012-03-21,22.71,22.91,22.67,22.9,958981
2012-03-22,22.73,22.77,22.56,22.71,1130258
2012-03-23,22.74,22.79,22.56,22.77,416138
2012-03-26,22.91,23.18,22.89,23.18,917366
2012-03-27,23.21,23.24,22.96,23.01,1050393
2012-03-28,22.99,23.08,22.82,22.85,916310
2012-03-29,22.83,22.99,22.73,22.91,800871
2012-03-30,23.0,23.13,22.77,23.07,1693577
2012-04-02,23.04,23.27,22.85,23.24,1248810
2012-04-03,23.26,23.28,22.94,23.12,1119737
2012-04-04,22.85,22.93,22.55,22.65,892486
2012-04-05,22.66,22.78,22.55,22.77,830089
2012-04-09,22.54,22.62,22.41,22.54,781895
2012-04-10,22.54,22.63,22.39,22.4,1492020
2012-04-11,22.6,22.7,22.51,22.68,950597
2012-04-12,22.67,22.92,22.64,22.92,793061
2012-04-13,22.91,22.97,22.64,22.64,1428555
2012-04-16,22.75,22.88,22.58,22.82,1195741
2012-04-17,22.91,23.29,22.9,23.21,1701671
2012-04-18,23.09,23.19,23.0,23.12,890551
2012-04-19,23.18,23.43,23.08,23.29,1981019
2012-04-20,23.34,23.48,23.24,23.39,1585417
2012-04-23,23.23,23.32,22.83,23.1,1740586
2012-04-24,23.1,23.22,23.01,23.2,1632447
2012-04-25,23.09,23.6,23.01,23.43,1836850
2012-04-26,23.42,23.71,23.4,23.69,1526491
2012-04-27,23.75,23.88,23.7,23.77,1301308
2012-04-30,23.71,23.71,23.48,23.52,858862
2012-05-01,23.43,23.72,23.38,23.62,1170808
2012-05-02,23.46,23.66,23.46,23.63,1284906
2012-05-03,23.61,23.63,23.28,23.4,1144067
2012-05-04,23.31,23.32,23.06,23.12,1094229
2012-05-07,23.04,23.18,22.94,23.02,1148086
2012-05-08,22.89,22.96,22.63,22.86,1041684
2012-05-09,22.68,22.92,22.57,22.84,1078420
2012-05-10,22.96,23.02,22.78,22.83,824877
2012-05-11,22.74,23.02,22.74,22.89,969167
2012-05-14,22.67,22.73,22.47,22.61,1047764
2012-05-15,22.61,22.88,22.55,22.82,1172453
2012-05-16,22.91,22.91,22.52,22.52,885182
2012-05-17,22.56,22.6,22.33,22.36,2054663
2012-05-18,22.36,22.4,21.81,21.88,1081899
2012-05-21,21.85,22.55,21.8,22.51,2071264
2012-05-22,22.51,22.79,22.46,22.65,1721514
2012-05-23,22.63,23.7,22.51,23.2,3184716
2012-05-24,23.25,23.58,23.14,23.35,1393744
2012-05-25,23.37,23.57,23.25,23.56,1309735
2012-05-29,23.66,23.81,23.54,23.76,1253127
2012-05-30,23.57,23.64,23.37,23.5,1445214
2012-05-31,23.5,23.53,23.17,23.27,2972173
2012-06-01,22.96,22.99,22.51,22.51,2811413
2012-06-04,22.52,22.63,22.34,22.55,2288987
2012-06-05,22.45,22.82,22.39,22.7,1366216
2012-06-06,22.86,23.26,22.86,23.26,1860043
2012-06-07,23.51,23.52,23.27,23.33,1225381
2012-06-08,23.24,23.47,23.14,23.45,1097878
2012-06-11,23.56,23.56,23.2,23.21,1037481
2012-06-12,23.26,23.38,23.15,23.34,1068542
2012-06-13,23.17,23.31,22.94,23.03,1044022
2012-06-14,23.08,23.58,23.03,23.53,1475988
2012-06-15,23.62,23.83,23.55,23.81,1332359
2012-06-18,23.67,23.97,23.6,23.91,1218653
2012-06-19,23.85,23.96,23.81,23.92,1113137
2012-06-20,23.89,23.96,23.73,23.89,862329
2012-06-21,23.92,23.96,23.43,23.49,1356495
2012-06-22,23.62,23.64,23.44,23.64,3211259
2012-06-25,23.38,23.42,23.17,23.23,1375002
2012-06-26,23.21,23.33,23.08,23.18,1292629
2012-06-27,23.28,23.41,23.16,23.25,1517289
2012-06-28,23.16,23.3,22.94,23.28,1420384
2012-06-29,23.6,23.93,23.6,23.93,1001303
2012-07-02,23.85,24.32,23.81,24.32,1485079
2012-07-03,24.32,24.4,24.12,24.39,916946
2012-07-05,24.31,24.38,24.18,24.25,1053153
2012-07-06,24.09,24.15,23.78,24.04,1180503
2012-07-09,23.97,23.99,23.65,23.76,1099026
2012-07-10,23.79,23.8,23.49,23.63,1238582
2012-07-11,23.64,23.74,23.49,23.7,1075058
2012-07-12,23.53,23.64,23.3,23.5,1283073
2012-07-13,23.43,23.44,23.14,23.42,1993890
2012-07-16,23.44,23.53,23.32,23.47,1114384
2012-07-17,23.59,23.61,23.29,23.49,1112542
2012-07-18,23.47,23.84,23.38,23.78,1277791
2012-07-19,25.06,25.06,24.18,24.2,2467542
2012-07-20,24.06,24.35,23.87,24.06,2079049
2012-07-23,23.74,23.92,23.54,23.7,1536231
2012-07-24,23.67,23.79,23.54,23.68,1462082
2012-07-25,23.24,23.48,22.32,22.64,4380910
2012-07-26,22.94,23.02,22.55,22.88,2194414
2012-07-27,22.97,23.72,22.9,23.62,1887096
2012-07-30,23.6,23.78,23.51,23.74,1287044
2012-07-31,23.69,23.77,23.51,23.65,1581004
2012-08-01,23.73,23.75,23.39,23.5,1735092
2012-08-02,23.3,23.48,23.1,23.21,1183080
2012-08-03,23.55,23.56,23.26,23.47,1284884
2012-08-06,23.57,23.92,23.41,23.67,1637681
2012-08-07,23.76,24.03,23.6,23.79,2405214
2012-08-08,23.75,23.79,23.64,23.7,877655
2012-08-09,23.67,23.8,23.58,23.7,880564
2012-08-10,23.6,23.74,23.57,23.67,844017
2012-08-13,23.55,23.8,23.45,23.77,755292
2012-08-14,23.8,23.84,23.57,23.62,930489
2012-08-15,23.61,23.78,23.55,23.69,854385
2012-08-16,23.76,23.81,23.52,23.73,913249
2012-08-17,23.76,24.12,23.67,23.98,4046352
2012-08-20,23.94,23.98,23.5,23.55,1119045
2012-08-21,23.55,23.68,23.27,23.31,1524910
2012-08-22,23.32,23.35,23.1,23.23,1153823
2012-08-23,23.17,23.36,23.07,23.26,907664
2012-08-24,23.2,23.45,23.16,23.41,697923
2012-08-27,23.45,23.5,23.28,23.29,621960
2012-08-28,23.28,23.33,23.13,23.19,889082
2012-08-29,23.2,23.27,23.07,23.19,832940
2012-08-30,23.14,23.18,22.94,23.05,433456
2012-08-31,23.15,23.29,22.98,23.18,1007720
2012-09-04,23.06,23.42,23.02,23.32,1119741
2012-09-05,23.32,23.33,23.0,23.17,1103047
2012-09-06,23.28,23.6,23.19,23.53,1625373
2012-09-07,23.55,23.68,23.43,23.67,1136771
2012-09-10,23.6,23.62,23.4,23.42,1102457
2012-09-11,23.38,23.48,23.12,23.34,1282792
2012-09-12,23.41,23.41,23.14,23.34,1463825
2012-09-13,23.39,23.73,23.24,23.59,1107640
2012-09-14,23.59,23.92,23.5,23.86,1127091
2012-09-17,23.81,23.89,23.72,23.88,1323627
2012-09-18,23.67,24.04,23.56,23.95,1587899
2012-09-19,23.9,24.28,23.9,24.16,1498098
2012-09-20,24.09,24.13,23.84,24.12,1499447
2012-09-21,24.26,24.43,24.1,24.31,1543405
2012-09-24,24.11,24.22,23.87,23.89,1242530
2012-09-25,23.91,24.08,23.74,23.75,1199243
2012-09-26,23.73,23.84,23.58,23.63,1049662
2012-09-27,23.69,24.03,23.58,23.95,1294214
2012-09-28,23.89,23.96,23.67,23.7,935128
2012-10-01,23.71,23.8,23.49,23.61,905816
2012-10-02,23.68,23.79,23.51,23.79,1211344
2012-10-03,23.84,24.02,23.7,24.0,714142
2012-10-04,24.05,24.11,23.91,24.1,1029937
2012-10-05,24.28,24.4,24.09,24.19,723806
2012-10-08,24.13,24.14,23.93,23.97,630573
2012-10-09,23.94,24.0,23.62,23.63,651285
2012-10-10,23.61,23.67,23.24,23.29,1282788
2012-10-11,23.55,23.62,23.24,23.24,1704333
2012-10-12,23.38,23.39,23.02,23.03,1699579
2012-10-15,23.11,23.31,23.03,23.28,777903
2012-10-16,23.35,23.42,23.25,23.35,1171294
2012-10-17,23.32,23.5,23.3,23.44,650878
2012-10-18,23.45,23.61,23.34,23.46,863302
2012-10-19,23.37,23.37,22.98,23.03,881731
2012-10-22,23.0,23.25,22.94,23.24,873007
2012-10-23,22.85,23.26,22.85,23.03,1551483
2012-10-24,23.0,23.0,21.91,22.25,2792357
2012-10-25,22.43,22.48,22.2,22.41,1734614
2012-10-26,22.42,22.52,22.26,22.46,946291
2012-10-31,22.25,22.66,22.04,22.49,1254703
2012-11-01,22.47,22.78,22.16,22.66,1798055
2012-11-02,22.81,22.81,22.34,22.36,763132
2012-11-05,22.25,22.38,22.04,22.12,1095981
2012-11-06,22.25,22.54,22.14,22.37,1330916
2012-11-07,22.08,22.39,21.96,22.3,1276959
2012-11-08,22.26,22.38,21.99,21.99,1152148
2012-11-09,21.95,22.16,21.78,22.02,741738
2012-11-12,22.06,22.12,21.8,22.03,707188
2012-11-13,22.04,22.14,21.89,21.92,1075443
2012-11-14,21.94,21.97,21.59,21.64,1135011
2012-11-15,21.61,21.84,21.54,21.61,1792627
2012-11-16,21.69,21.78,21.39,21.44,4675064
2012-11-19,21.63,21.82,21.55,21.66,1736580
2012-11-20,21.65,21.76,21.49,21.62,1379505
2012-11-21,21.6,21.76,21.57,21.73,1208484
2012-11-23,21.76,21.98,21.73,21.98,303181
2012-11-26,21.85,21.92,21.73,21.8,1043239
2012-11-27,21.72,21.83,21.58,21.72,1221350
2012-11-28,21.61,21.83,21.61,21.8,1199531
2012-11-29,21.88,21.96,21.76,21.87,814760
2012-11-30,21.88,22.0,21.66,21.95,1505521
2012-12-03,22.08,22.19,21.75,21.9,841335
2012-12-04,21.91,22.11,21.7,22.07,1891824
2012-12-05,22.12,22.45,22.08,22.35,1425487
2012-12-06,22.31,22.49,22.22,22.25,1927646
2012-12-07,22.24,22.34,22.11,22.18,1666360
2012-12-10,22.04,22.16,21.94,21.96,1602520
2012-12-11,22.1,22.4,21.98,22.31,1020390
2012-12-12,22.34,22.41,22.16,22.2,1319163
2012-12-13,22.09,22.19,21.91,22.15,1241341
2012-12-14,22.07,22.18,21.95,21.96,891023
2012-12-17,22.01,22.16,21.86,22.16,881034
2012-12-18,22.16,22.28,21.89,22.19,1209094
2012-12-19,22.21,22.28,21.93,21.93,1731763
2012-12-20,21.9,21.92,21.64,21.8,3203721
2012-12-21,21.54,21.84,21.49,21.67,2388322
2012-12-24,21.59,21.67,21.49,21.65,518856
2012-12-26,21.65,21.67,21.39,21.42,1217418
2012-12-27,21.39,21.6,21.22,21.55,1257410
2012-12-28,21.42,21.51,21.23,21.23,1267253
2012-12-31,21.17,21.44,21.1,21.42,1857947
2013-01-02,21.72,22.31,21.57,22.3,1543851
2013-01-03,22.39,23.22,22.33,22.38,2202243
2013-01-04,22.38,22.44,22.18,22.27,1871033
2013-01-07,22.18,22.39,22.15,22.29,1314126
2013-01-08,22.29,22.79,22.25,22.7,1958014
2013-01-09,23.02,23.58,23.02,23.55,2711689
2013-01-10,23.6,23.66,23.21,23.33,2378542
2013-01-11,23.34,23.69,23.31,23.66,1676498
2013-01-14,23.59,23.75,23.52,23.75,1719326
2013-01-15,23.64,23.78,23.58,23.76,1588957
2013-01-16,23.7,23.78,23.67,23.73,1358672
2013-01-17,23.84,24.0,23.8,23.87,1476846
2013-01-18,23.84,23.91,23.49,23.62,2508526
2013-01-22,23.63,23.73,23.5,23.56,2862952
2013-01-23,23.69,23.76,23.29,23.33,3839694
2013-01-24,23.26,23.74,23.26,23.65,1348613
2013-01-25,23.68,23.81,23.61,23.75,1205154
2013-01-28,23.74,23.74,23.27,23.27,1371529
2013-01-29,23.19,23.22,22.99,23.07,1972600
2013-01-30,23.09,23.29,22.93,22.98,1542600
2013-01-31,23.0,23.32,22.98,23.25,1636886
2013-02-01,23.46,23.47,23.2,23.21,1009739
2013-02-04,23.1,23.26,22.97,23.13,1902623
2013-02-05,23.22,23.39,23.17,23.31,1072129
2013-02-06,23.24,23.39,23.1,23.36,913160
2013-02-07,23.32,23.34,22.96,23.08,1053210
2013-02-08,23.16,23.27,23.12,23.2,873203
2013-02-11,23.25,23.25,22.92,23.01,988780
2013-02-12,22.97,23.13,22.96,23.0,991264
2013-02-13,23.03,23.09,22.96,23.01,699202
2013-02-14,22.95,23.07,22.86,23.03,1514119
2013-02-15,23.04,23.32,23.04,23.27,1583941
2013-02-19,23.34,23.48,23.22,23.48,1436411
2013-02-20,22.16,22.79,21.53,21.97,7274585
2013-02-21,21.87,22.29,21.62,22.27,3322671
2013-02-22,23.18,23.26,22.63,22.87,2114076
2013-02-25,23.27,23.52,23.06,23.16,3349407
2013-02-26,23.24,23.42,22.97,23.36,2494076
2013-02-27,23.31,23.79,23.22,23.75,2429012
2013-02-28,23.69,23.87,23.52,23.76,2125206
2013-03-01,23.65,23.84,23.5,23.8,1422260
2013-03-04,23.67,23.82,23.51,23.78,2041980
2013-03-05,23.88,24.12,23.88,24.11,1497719
2013-03-06,24.14,24.19,23.96,24.17,1658971
2013-03-07,24.14,24.3,24.11,24.25,1177892
2013-03-08,24.29,24.38,24.15,24.25,1284250
2013-03-11,24.22,24.45,24.21,24.39,1101996
2013-03-12,24.31,24.43,24.26,24.35,1705935
2013-03-13,24.41,24.42,24.25,24.41,2062725
2013-03-14,24.43,24.47,24.32,24.45,1190317
2013-03-15,24.38,24.43,24.22,24.29,1724349
2013-03-18,24.08,24.15,23.95,24.01,1041900
2013-03-19,24.02,24.03,23.75,23.83,818818
2013-03-20,23.95,24.11,23.95,24.1,1069179
2013-03-21,23.93,24.25,23.92,24.19,1360366
2013-03-22,24.29,24.43,24.2,24.37,1112762
2013-03-25,24.43,24.54,24.27,24.5,2111868
2013-03-26,24.6,24.78,24.51,24.73,1671744
2013-03-27,24.65,24.68,24.46,24.57,797783
2013-03-28,24.54,24.83,24.43,24.78,1164580
2013-04-01,24.75,24.8,24.33,24.44,967971
2013-04-02,24.57,24.66,24.27,24.32,1488932
2013-04-03,24.38,24.42,23.95,24.02,1295393
2013-04-04,24.08,24.24,24.0,24.22,976040
2013-04-05,24.03,24.07,23.92,24.03,1817427
2013-04-08,24.03,24.2,23.99,24.17,919368
2013-04-09,24.25,24.6,24.24,24.48,1835794
2013-04-10,24.52,24.9,24.49,24.9,1226108
2013-04-11,24.91,25.05,24.84,24.94,1302868
2013-04-12,24.84,24.92,24.69,24.9,1263232
2013-04-15,24.76,24.86,24.33,24.33,1271611
2013-04-16,24.47,24.61,24.28,24.58,1206550
2013-04-17,24.48,24.48,24.0,24.23,1299396
2013-04-18,24.26,24.3,23.79,23.82,1623213
2013-04-19,23.92,23.98,23.69,23.95,803278
2013-04-22,23.96,24.04,23.65,24.01,813155
2013-04-23,24.08,24.29,23.89,24.24,1255184
2013-04-24,23.63,23.63,22.66,23.49,5610103
2013-04-25,23.48,23.66,23.33,23.44,1652776
2013-04-26,23.12,23.49,23.12,23.24,1458943
2013-04-29,23.37,23.58,23.3,23.49,976028
2013-04-30,23.54,23.7,23.39,23.62,1244479
2013-05-01,23.5,23.77,23.44,23.5,1188841
2013-05-02,23.57,23.65,23.29,23.64,961416
2013-05-03,23.74,24.03,23.68,23.92,1549894
2013-05-06,23.85,24.0,23.72,23.82,1260945
2013-05-07,23.85,23.96,23.8,23.93,1073472
2013-05-08,23.91,24.02,23.88,23.99,826618
2013-05-09,24.11,24.36,24.02,24.07,1931264
2013-05-10,24.13,24.3,24.07,24.24,1288665
2013-05-13,24.19,24.23,23.85,23.96,1212004
2013-05-14,23.98,24.08,23.93,23.98,1390889
2013-05-15,23.94,24.03,23.82,23.96,1556162
2013-05-16,23.92,24.05,23.78,23.9,1796790
2013-05-17,23.95,24.22,23.9,24.2,1136185
2013-05-20,24.14,24.19,23.95,24.14,1290282
2013-05-21,24.16,24.18,23.96,24.01,841241
2013-05-22,23.98,24.1,23.55,23.66,962948
2013-05-23,23.51,23.87,23.5,23.6,1101312
2013-05-24,23.5,23.72,23.4,23.65,715984
2013-05-28,23.84,23.99,23.75,23.82,627237
2013-05-29,23.66,23.73,23.44,23.64,884527
2013-05-30,23.68,23.88,23.64,23.72,485308
2013-05-31,23.62,23.8,23.5,23.51,1236405
2013-06-03,23.51,23.51,23.19,23.47,1331259
2013-06-04,23.48,23.64,23.28,23.46,1156501
2013-06-05,23.42,23.44,23.19,23.19,697328
2013-06-06,23.19,23.34,22.99,23.17,1381390
2013-06-07,23.28,23.54,23.25,23.43,975966
2013-06-10,23.46,23.53,23.33,23.41,835011
2013-06-11,23.15,23.49,23.14,23.19,1768831
2013-06-12,23.36,23.37,22.91,22.94,2118374
2013-06-13,22.94,23.95,22.91,23.76,2685711
2013-06-14,23.77,23.8,23.42,23.46,1295476
2013-06-17,23.56,23.64,23.29,23.35,1788177
2013-06-18,23.32,23.36,23.22,23.25,2406157
2013-06-19,23.23,23.25,22.98,23.0,2108665
2013-06-20,22.82,22.9,22.58,22.62,1306545
2013-06-21,22.86,23.37,22.7,22.78,3313910
2013-06-24,22.68,23.43,22.64,23.19,2420741
2013-06-25,23.38,23.6,23.24,23.52,2376151
2013-06-26,23.64,23.79,23.55,23.74,1123000
2013-06-27,23.86,24.37,23.79,24.32,1717913
2013-06-28,24.05,24.59,24.03,24.48,2277790
2013-07-01,24.52,24.92,24.5,24.71,2128788
2013-07-02,24.65,24.78,24.52,24.65,1476406
2013-07-03,24.5,24.76,24.5,24.71,613654
2013-07-05,24.85,24.85,24.6,24.78,1232162
2013-07-08,24.63,24.93,24.56,24.9,1909584
2013-07-09,24.97,25.29,24.86,25.28,1815316
2013-07-10,25.28,25.34,25.12,25.3,2116630
2013-07-11,25.57,25.77,25.53,25.67,1151211
2013-07-12,25.67,25.76,25.45,25.64,805928
2013-07-15,25.7,25.87,25.64,25.72,1327319
2013-07-16,25.66,25.8,25.47,25.5,957973
2013-07-17,25.55,25.63,25.44,25.45,730807
2013-07-18,25.48,25.76,25.44,25.62,976293
2013-07-19,25.6,25.66,25.37,25.47,922133
2013-07-22,25.44,25.84,25.23,25.64,1493729
2013-07-23,25.99,26.25,25.85,26.0,2789106
2013-07-24,26.35,27.62,26.32,27.19,3033143
2013-07-25,27.1,27.24,26.9,27.13,1628702
2013-07-26,26.55,27.2,26.5,27.17,1568843
2013-07-29,27.08,27.34,27.04,27.16,947662
2013-07-30,27.3,27.41,27.11,27.34,1025215
2013-07-31,27.46,27.7,27.24,27.41,1295076
2013-08-01,27.51,28.21,27.37,28.08,1630863
2013-08-02,28.05,28.31,27.85,28.17,1202589
2013-08-05,28.07,28.3,27.97,28.16,1578984
2013-08-06,28.09,28.19,27.97,28.04,2017579
2013-08-07,28.02,28.08,27.76,27.82,1663480
2013-08-08,28.0,28.28,28.0,28.05,1080485
2013-08-09,28.05,28.18,27.87,27.91,776428
2013-08-12,27.81,28.22,27.81,28.14,612314
2013-08-13,28.19,28.49,28.06,28.49,1256617
2013-08-14,28.5,28.62,28.39,28.55,1188990
2013-08-15,28.3,28.34,28.02,28.11,986146
2013-08-16,28.09,28.26,27.98,28.07,1146827
2013-08-19,27.98,28.23,27.93,28.0,1902146
2013-08-20,27.99,28.26,27.93,28.2,1146933
2013-08-21,28.13,28.21,27.94,28.01,781371
2013-08-22,28.11,28.34,28.0,28.29,722476
2013-08-23,28.34,28.41,28.09,28.35,527756
2013-08-26,28.28,28.51,28.05,28.07,815174
2013-08-27,27.87,27.96,27.62,27.66,837094
2013-08-28,27.7,27.84,27.53,27.83,1173159
2013-08-29,27.82,28.05,27.7,27.91,738058
2013-08-30,27.98,27.98,27.57,27.67,1058831
2013-09-03,27.94,28.13,27.52,27.72,1302184
2013-09-04,27.81,28.07,27.59,27.95,1611171
2013-09-05,27.93,28.27,27.87,28.26,1293763
2013-09-06,28.33,28.38,27.93,28.2,813068
2013-09-09,28.33,28.53,28.29,28.48,790672
2013-09-10,28.62,28.86,28.59,28.86,935321
2013-09-11,28.82,29.14,28.82,29.1,1232158
2013-09-12,29.11,29.24,29.05,29.11,1284819
2013-09-13,29.17,29.25,28.92,29.11,902555
2013-09-16,29.33,29.47,29.16,29.25,705824
2013-09-17,29.18,29.44,29.16,29.4,795909
2013-09-18,29.6,30.0,29.56,29.93,1631949
2013-09-19,29.9,29.94,29.81,29.86,1402006
2013-09-20,29.94,29.97,29.51,29.51,1880266
2013-09-23,29.47,29.61,29.32,29.33,723309
2013-09-24,29.38,29.38,29.13,29.18,1006741
2013-09-25,29.23,29.39,29.14,29.15,925401
2013-09-26,29.19,29.52,29.19,29.45,905070
2013-09-27,29.22,29.38,29.14,29.31,676288
2013-09-30,29.1,29.44,28.99,29.42,1133648
2013-10-01,29.41,29.52,29.25,29.49,1177440
2013-10-02,29.39,29.69,29.39,29.69,1097420
2013-10-03,29.57,29.6,29.0,29.1,1018243
2013-10-04,29.11,29.42,28.97,29.4,1180804
2013-10-07,29.16,29.31,28.91,28.94,1208061
2013-10-08,28.92,29.14,28.48,28.49,1176635
2013-10-09,28.6,28.62,28.3,28.5,1262554
2013-10-10,28.83,29.18,28.77,29.18,875417
2013-10-11,29.08,29.63,29.03,29.59,882510
2013-10-14,29.71,30.2,29.65,30.15,1356292
2013-10-15,30.11,30.14,29.6,29.75,1086675
2013-10-16,30.02,30.16,29.87,30.15,1315862
2013-10-17,30.05,30.2,29.88,30.09,1242136
2013-10-18,30.17,30.32,30.11,30.32,794404
2013-10-21,30.35,30.49,30.2,30.49,1261117
2013-10-22,30.53,30.79,30.45,30.65,1557951
2013-10-23,30.31,30.31,29.65,30.01,2878510
2013-10-24,30.07,30.28,30.04,30.25,864975
2013-10-25,30.18,30.19,30.0,30.04,1214886
2013-10-28,30.09,30.19,29.96,30.02,1162149
2013-10-29,30.16,30.33,29.82,30.08,990006
2013-10-30,30.08,30.33,30.02,30.19,1871928
2013-10-31,30.17,30.19,29.83,29.83,1634290
2013-11-01,29.83,29.95,29.6,29.73,1055248
2013-11-04,29.84,29.88,29.67,29.75,638844
2013-11-05,29.64,29.74,29.44,29.66,834040
2013-11-06,29.76,29.97,29.76,29.92,683526
2013-11-07,29.96,30.14,29.72,29.77,1187462
2013-11-08,29.75,30.21,29.71,30.18,1026789
2013-11-11,30.1,30.42,30.09,30.26,667721
2013-11-12,30.25,30.55,30.18,30.55,797584
2013-11-13,30.45,30.74,30.3,30.74,518122
2013-11-14,30.74,31.05,30.71,31.03,577250
2013-11-15,31.03,31.03,30.67,30.95,899292
2013-11-18,30.97,31.07,30.68,30.8,983319
2013-11-19,30.73,30.96,30.66,30.81,922105
2013-11-20,30.81,31.0,30.42,30.54,1261058
2013-11-21,30.59,31.19,30.48,31.14,982713
2013-11-22,31.18,31.34,31.1,31.3,599394
2013-11-25,31.39,31.52,31.35,31.37,696832
2013-11-26,31.41,31.46,31.05,31.1,2918417
2013-11-27,31.17,31.27,30.95,31.03,634477
2013-11-29,31.04,31.31,31.03,31.05,366627
2013-12-02,31.09,31.09,30.72,30.79,1236308
2013-12-03,31.05,31.44,30.98,31.32,2058284
2013-12-04,31.15,31.18,30.31,30.63,2577908
2013-12-05,30.52,30.63,30.17,30.34,1916327
2013-12-06,30.66,31.1,30.47,30.76,2758761
2013-12-09,30.86,30.96,30.66,30.92,1384478
2013-12-10,30.82,31.29,30.78,31.18,1840171
2013-12-11,31.24,31.28,30.95,31.03,1536458
2013-12-12,30.97,31.34,30.88,31.2,1206395
2013-12-13,31.24,31.4,30.95,31.29,1255501
2013-12-16,31.4,31.56,31.25,31.49,1359392
2013-12-17,31.47,31.67,31.19,31.54,1337941
2013-12-18,31.89,32.51,31.67,32.46,2720185
2013-12-19,32.36,33.07,32.23,32.74,2927793
2013-12-20,32.78,33.08,32.56,33.06,1458842
2013-12-23,33.16,33.16,32.9,33.02,895073
2013-12-24,32.97,33.18,32.96,33.08,438962
2013-12-26,33.23,33.31,32.97,33.3,461976
2013-12-27,33.39,33.42,33.12,33.2,475789
2013-12-30,33.25,33.37,33.13,33.24,523731
2013-12-31,33.31,33.44,33.13,33.28,613980
2014-01-02,33.23,33.23,32.69,32.79,1045110
2014-01-03,32.91,32.99,32.67,32.85,679409
2014-01-06,32.94,32.99,32.68,32.8,900093
2014-01-07,32.87,33.06,32.87,33.03,699555
2014-01-08,32.93,33.09,32.74,32.99,1221753
2014-01-09,33.1,33.19,32.7,32.74,1790729
2014-01-10,32.87,32.88,32.47,32.5,1352160
2014-01-13,32.58,32.61,31.89,32.03,1328422
2014-01-14,32.07,32.5,31.97,32.31,1185519
2014-01-15,32.39,32.9,32.39,32.68,1291718
2014-01-16,32.57,32.61,32.4,32.44,651273
2014-01-17,32.45,32.48,32.11,32.2,940419
2014-01-21,32.3,32.32,31.88,32.2,1221394
2014-01-22,32.23,32.38,32.13,32.15,921331
2014-01-23,32.33,32.44,31.76,31.88,1362574
2014-01-24,31.6,31.66,30.84,30.96,1667327
2014-01-27,30.93,31.01,30.28,30.3,2105301
2014-01-28,30.27,30.65,30.06,30.58,1538346
2014-01-29,27.27,31.43,27.0,30.53,4025936
2014-01-30,30.78,30.8,30.29,30.68,1282776
2014-01-31,30.18,30.53,29.84,29.88,2829776
2014-02-03,29.81,29.91,28.68,28.77,2956472
2014-02-04,28.84,29.02,28.63,28.87,1782793
2014-02-05,28.7,28.8,28.27,28.71,2369151
2014-02-06,28.79,29.01,28.72,28.9,1250645
2014-02-07,29.03,29.53,28.92,29.5,1465695
2014-02-10,29.35,29.54,29.18,29.41,1479658
2014-02-11,29.4,29.8,29.37,29.65,1144511
2014-02-12,29.7,29.96,29.56,29.59,1485340
2014-02-13,29.44,29.61,29.29,29.48,1470922
2014-02-14,29.46,29.6,29.21,29.54,883811
2014-02-18,29.55,29.72,29.39,29.62,901468
2014-02-19,29.7,30.07,29.64,29.69,1406571
2014-02-20,29.76,29.92,29.44,29.85,1138227
2014-02-21,29.93,30.17,29.72,30.11,1470580
2014-02-24,30.09,30.44,30.07,30.24,1564617
2014-02-25,30.2,30.5,30.09,30.36,1348669
2014-02-26,30.41,30.69,30.29,30.42,1527896
2014-02-27,30.54,30.67,30.31,30.59,987878
2014-02-28,30.62,30.73,30.22,30.46,1562321
2014-03-03,30.1,30.46,30.02,30.24,1745555
2014-03-04,30.73,30.92,30.68,30.9,910095
2014-03-05,30.86,30.92,30.59,30.67,1125975
2014-03-06,30.77,30.91,30.71,30.85,878033
2014-03-07,31.0,31.06,30.71,30.8,1219937
2014-03-10,30.79,30.92,30.68,30.73,1368485
2014-03-11,30.79,30.82,30.49,30.7,1053771
2014-03-12,30.55,30.84,30.49,30.73,1090060
2014-03-13,30.84,30.88,30.33,30.44,1191316
2014-03-14,30.35,30.43,29.99,30.17,1460559
2014-03-17,30.29,30.55,30.18,30.47,1070814
2014-03-18,30.57,31.0,30.38,30.83,1232416
2014-03-19,30.85,30.92,30.62,30.68,1260045
2014-03-20,30.61,30.93,30.52,30.84,556361
2014-03-21,30.97,31.12,30.52,30.63,1651284
2014-03-24,30.61,30.72,30.11,30.21,896826
2014-03-25,30.34,30.34,29.75,30.01,1310905
2014-03-26,30.09,30.17,29.53,29.53,1327456
2014-03-27,29.57,29.73,29.33,29.69,1150068
2014-03-28,29.8,30.43,29.62,30.42,1781303
2014-03-31,30.54,30.59,29.99,30.41,2258773
2014-04-01,30.46,30.46,30.05,30.36,1559708
2014-04-02,30.41,30.54,30.25,30.31,1204966
2014-04-03,30.37,30.37,30.09,30.17,1260813
2014-04-04,30.26,30.3,29.87,29.91,1813094
2014-04-07,29.85,29.97,29.36,29.62,1255828
2014-04-08,29.59,30.03,29.55,29.86,1129041
2014-04-09,30.02,30.47,29.91,30.43,1784469
2014-04-10,30.5,30.56,29.38,29.39,1348695
2014-04-11,29.19,29.44,28.8,28.81,1396330
2014-04-14,29.0,29.06,28.44,28.7,1594242
2014-04-15,28.78,29.09,28.48,28.97,1214534
2014-04-16,29.24,29.37,29.09,29.33,991834
2014-04-17,29.24,29.64,29.17,29.44,888890
2014-04-21,29.48,29.6,28.86,28.96,1767888
2014-04-22,29.01,29.44,28.88,29.2,1918006
2014-04-23,28.51,29.22,28.17,28.78,2914468
2014-04-24,28.96,29.54,28.84,29.39,2671997
2014-04-25,29.29,30.32,29.2,29.79,3580053
2014-04-28,29.96,30.2,29.65,30.13,2548323
2014-04-29,30.24,30.92,30.13,30.8,2867524
2014-04-30,30.81,31.83,30.81,31.77,2870226
2014-05-01,31.79,32.16,31.74,31.81,2235737
2014-05-02,31.9,32.7,31.79,32.33,2461473
2014-05-05,32.2,32.8,32.05,32.7,2370517
2014-05-06,32.59,32.96,32.39,32.45,2684933
2014-05-07,32.58,32.68,31.89,32.39,3177222
2014-05-08,32.22,32.68,32.22,32.32,1422472
2014-05-09,32.36,32.36,31.86,32.14,1501765
2014-05-12,32.31,32.56,32.23,32.53,1505429
2014-05-13,32.57,32.67,32.09,32.16,1962812
2014-05-14,32.24,32.28,31.62,31.67,2320325
2014-05-15,31.62,31.62,30.98,31.02,2046847
2014-05-16,31.38,31.56,30.91,31.19,2715467
2014-05-19,31.08,31.3,30.98,31.17,2053570
2014-05-20,31.19,31.19,30.68,30.68,1425248
2014-05-21,30.73,30.86,30.56,30.79,1427928
2014-05-22,30.83,30.83,30.59,30.62,1597145
2014-05-23,30.67,30.93,30.62,30.73,1155342
2014-05-27,30.93,30.96,30.68,30.71,1436979
2014-05-28,30.7,30.85,30.5,30.61,1233069
2014-05-29,30.72,30.84,30.48,30.58,1450663
2014-05-30,30.54,30.78,30.25,30.26,4027880
2014-06-02,30.31,30.69,30.28,30.54,2058790
2014-06-03,30.44,30.51,30.27,30.37,1107605
2014-06-04,30.18,30.6,30.12,30.59,908601
2014-06-05,30.59,30.85,30.33,30.79,1097126
2014-06-06,30.87,31.19,30.81,31.15,1160866
2014-06-09,31.11,31.29,30.89,31.03,1503030
2014-06-10,30.98,31.14,30.81,30.97,628781
2014-06-11,30.82,30.93,30.66,30.7,633434
2014-06-12,30.66,30.67,30.24,30.37,775888
2014-06-13,30.44,30.58,30.28,30.49,654332
2014-06-16,30.44,30.66,30.06,30.08,786964
2014-06-17,29.92,30.28,29.82,30.2,954273
2014-06-18,30.18,30.67,30.05,30.66,1637250
2014-06-19,30.66,30.69,30.27,30.51,1126203
2014-06-20,30.6,30.95,30.58,30.85,1349294
2014-06-23,30.82,30.88,30.64,30.76,879736
2014-06-24,30.73,31.27,30.67,30.78,967786
2014-06-25,30.7,31.26,30.7,31.16,1288527
2014-06-26,31.05,31.17,30.96,31.16,1035875
2014-06-27,31.12,31.55,31.02,31.45,1628310
2014-06-30,31.43,31.54,31.29,31.41,1203197
2014-07-01,31.48,32.07,31.48,31.91,1050832
2014-07-02,31.88,32.0,31.75,31.81,782004
2014-07-03,31.87,32.1,31.71,32.06,578459
2014-07-07,31.9,32.2,31.85,32.05,1310653
2014-07-08,31.95,32.11,31.83,31.88,1071082
2014-07-09,31.94,32.01,31.82,31.97,735469
2014-07-10,31.61,31.83,31.54,31.69,795959
2014-07-11,31.68,31.74,31.53,31.67,728890
2014-07-14,31.82,31.96,31.75,31.89,496469
2014-07-15,31.86,31.87,31.58,31.74,980696
2014-07-16,31.9,31.96,31.65,31.86,755422
2014-07-17,31.78,31.96,31.23,31.27,1091591
2014-07-18,31.39,31.79,31.3,31.74,860269
2014-07-21,31.51,31.69,31.43,31.58,1071936
2014-07-22,31.69,31.94,31.54,31.92,1138378
2014-07-23,31.0,32.59,30.91,32.25,1848305
2014-07-24,32.32,32.68,32.31,32.41,804397
2014-07-25,32.23,32.35,32.13,32.25,674314
2014-07-28,32.23,32.37,31.92,32.33,631707
2014-07-29,32.38,32.51,32.2,32.33,749361
2014-07-30,32.37,32.4,32.07,32.32,1236527
2014-07-31,32.17,32.18,31.86,32.0,1910275
2014-08-01,31.89,32.1,31.82,31.96,1051813
2014-08-04,31.99,32.14,31.83,32.1,1031391
2014-08-05,31.98,32.14,31.76,31.85,973786
2014-08-06,31.6,31.77,31.49,31.58,1768827
2014-08-07,31.67,31.82,31.41,31.5,1186207
2014-08-08,31.44,31.58,31.04,31.54,1359497
2014-08-11,31.64,31.71,31.34,31.38,675903
2014-08-12,31.3,31.42,31.06,31.16,852925
2014-08-13,31.3,31.52,31.23,31.34,885389
2014-08-14,31.42,31.53,31.35,31.47,679836
2014-08-15,31.52,31.63,30.89,31.03,1240633
2014-08-18,31.21,31.74,31.18,31.73,696439
2014-08-19,31.76,31.83,31.59,31.65,544915
2014-08-20,31.56,31.59,31.27,31.38,673219
2014-08-21,31.42,31.73,31.26,31.68,830980
2014-08-22,31.65,31.71,31.42,31.51,511812
2014-08-25,31.62,31.77,31.54,31.57,530646
2014-08-26,31.57,31.79,31.57,31.75,704050
2014-08-27,31.75,31.81,31.25,31.39,813898
2014-08-28,31.26,31.33,31.15,31.26,337798
2014-08-29,31.33,31.53,31.15,31.46,475553
2014-09-02,31.45,31.61,31.26,31.29,785697
2014-09-03,31.44,31.5,31.35,31.39,950721
2014-09-04,31.41,31.61,31.05,31.18,996656
2014-09-05,31.18,31.47,31.05,31.47,721561
2014-09-08,31.45,31.45,31.24,31.42,640600
2014-09-09,31.36,31.44,30.92,31.01,608867
2014-09-10,31.01,31.73,31.0,31.63,1105550
2014-09-11,31.54,31.78,31.44,31.7,980641
2014-09-12,31.73,31.82,31.51,31.75,1240012
2014-09-15,31.75,31.89,31.44,31.82,878197
2014-09-16,31.54,31.79,31.27,31.68,1179134
2014-09-17,31.67,31.68,31.38,31.57,826339
2014-09-18,31.65,31.88,31.61,31.75,572143
2014-09-19,31.9,31.95,31.61,31.79,1180092
2014-09-22,31.69,31.75,31.41,31.48,695884
2014-09-23,31.37,31.5,31.08,31.09,544953
2014-09-24,31.07,31.53,31.04,31.5,533132
2014-09-25,31.38,31.38,30.96,30.97,581992
2014-09-26,30.96,31.06,30.74,30.85,675268
2014-09-29,30.53,30.75,30.48,30.63,856951
2014-09-30,30.63,31.07,30.36,30.96,727806
2014-10-01,30.96,30.96,30.46,30.57,658140
2014-10-02,30.58,30.75,30.45,30.5,1051018
2014-10-03,30.7,30.84,30.59,30.8,629937
2014-10-06,30.92,31.0,30.71,30.72,359983
2014-10-07,30.13,30.52,30.01,30.02,1094126
2014-10-08,30.0,30.28,29.69,30.22,1112981
2014-10-09,30.24,30.3,29.58,29.6,683355
2014-10-10,29.51,29.83,29.17,29.18,637061
2014-10-13,29.21,29.72,29.05,29.15,1075826
2014-10-14,29.3,29.57,29.12,29.17,928849
2014-10-15,28.77,29.33,28.54,29.2,1062798
2014-10-16,28.74,29.0,28.64,28.83,853749
2014-10-17,29.02,29.48,28.9,29.29,835508
2014-10-20,29.18,29.87,29.17,29.85,1419762
2014-10-21,30.07,30.57,29.88,30.57,576757
2014-10-22,30.67,30.74,30.47,30.48,792628
2014-10-23,30.71,31.14,30.66,30.74,993609
2014-10-24,30.75,30.94,30.57,30.92,684166
2014-10-27,30.76,30.88,30.6,30.66,998954
2014-10-28,30.79,31.13,30.62,31.13,906080
2014-10-29,31.69,33.14,31.61,32.52,2539582
2014-10-30,32.57,32.84,32.41,32.67,1157266
2014-10-31,32.87,33.87,32.82,33.79,1689347
2014-11-03,33.86,34.07,33.72,33.79,1287757
2014-11-04,33.73,33.87,33.5,33.77,714770
2014-11-05,33.96,34.05,33.72,33.85,881242
2014-11-06,33.88,34.04,33.71,33.91,431309
2014-11-07,33.93,33.94,33.67,33.86,702751
2014-11-10,33.81,34.04,33.74,33.81,700461
2014-11-11,33.76,33.86,33.61,33.74,417373
2014-11-12,33.71,33.84,33.46,33.73,669569
2014-11-13,33.6,33.65,32.76,33.29,1808029
2014-11-14,32.89,33.29,32.77,32.78,1325841
2014-11-17,32.81,33.02,32.73,32.88,1138499
2014-11-18,32.93,33.01,32.7,32.77,854443
2014-11-19,32.23,32.6,32.06,32.35,1313219
2014-11-20,32.28,32.62,32.17,32.53,714170
2014-11-21,32.85,32.96,32.56,32.81,918464
2014-11-24,32.92,33.02,32.72,32.96,1063645
2014-11-25,32.97,33.11,32.72,33.01,829514
2014-11-26,33.06,33.09,32.8,32.98,813696
2014-11-28,33.05,33.24,32.97,32.99,495311
2014-12-01,32.96,33.26,32.61,32.97,1267901
2014-12-02,32.94,33.6,32.94,33.53,1539458
2014-12-03,33.33,33.65,33.33,33.54,768130
2014-12-04,33.53,33.64,33.36,33.43,688188
2014-12-05,33.47,33.92,33.47,33.63,835566
2014-12-08,33.61,33.88,33.17,33.33,633099
2014-12-09,33.15,33.59,33.03,33.49,811919
2014-12-10,33.39,33.53,32.67,32.72,718807
2014-12-11,32.85,33.41,32.85,33.08,662931
2014-12-12,32.78,32.84,32.3,32.34,1065668
2014-12-15,32.42,32.63,32.06,32.34,623425
2014-12-16,32.25,32.86,32.15,32.25,775481
2014-12-17,32.27,32.96,32.19,32.93,602556
2014-12-18,33.29,34.08,33.13,34.06,1069549
2014-12-19,34.21,34.53,34.12,34.18,1664664
2014-12-22,34.22,34.3,34.0,34.16,522551
2014-12-23,34.31,34.49,34.3,34.36,449663
2014-12-24,34.37,34.49,34.29,34.3,197192
2014-12-26,34.34,34.55,34.22,34.41,421180
2014-12-29,34.36,34.47,34.16,34.27,383049
2014-12-30,34.16,34.27,33.97,34.06,311158
2014-12-31,34.17,34.29,33.92,33.96,639864
2015-01-02,34.24,34.56,33.87,34.17,1006884
2015-01-05,34.0,34.07,33.56,33.87,910594
2015-01-06,33.95,34.0,33.06,33.34,769179
2015-01-07,33.56,33.69,33.24,33.69,660603
2015-01-08,33.9,34.68,33.9,34.52,855227
2015-01-09,34.54,34.54,33.79,33.85,667226
2015-01-12,33.92,33.95,33.35,33.66,781282
2015-01-13,33.88,34.47,33.45,33.87,746979
2015-01-14,33.53,33.73,33.18,33.63,686781
2015-01-15,33.7,33.73,33.15,33.27,431773
2015-01-16,33.19,34.15,33.12,34.13,731860
2015-01-20,34.18,34.26,33.62,34.19,633085
2015-01-21,34.0,34.23,33.66,34.1,648721
2015-01-22,34.22,34.72,33.83,34.63,444651
2015-01-23,34.62,34.98,34.5,34.86,561202
2015-01-26,34.76,34.92,34.34,34.86,652283
2015-01-27,34.44,34.61,34.01,34.22,832588
2015-01-28,35.26,36.89,34.63,36.42,2799456
2015-01-29,36.57,37.0,36.11,36.7,1573482
2015-01-30,36.62,36.62,35.33,35.37,1402841
2015-02-02,35.54,35.87,34.93,35.85,1010289
2015-02-03,36.04,36.6,36.02,36.57,744628
2015-02-04,36.46,36.69,35.91,36.14,1162265
2015-02-05,36.24,36.62,36.08,36.6,537507
2015-02-06,36.61,36.75,36.35,36.48,534851
2015-02-09,36.33,36.43,35.87,36.07,950762
2015-02-10,36.24,36.54,35.96,36.49,497985
2015-02-11,36.47,36.64,36.18,36.52,608764
2015-02-12,36.66,36.97,36.6,36.92,492019
2015-02-13,36.87,37.11,36.76,37.09,539592
2015-02-17,37.0,37.26,36.71,37.13,481285
2015-02-18,37.02,37.35,36.91,37.26,461535
2015-02-19,37.14,37.53,36.92,37.52,580854
2015-02-20,37.5,38.1,37.2,38.03,597838
2015-02-23,38.05,38.11,37.65,37.9,714846
2015-02-24,37.82,38.19,37.45,38.04,745865
2015-02-25,38.08,38.41,37.91,38.33,653068
2015-02-26,38.37,38.45,38.0,38.4,765663
2015-02-27,38.34,38.61,38.07,38.2,1223957
2015-03-02,38.18,38.77,38.08,38.73,880813
2015-03-03,38.58,38.64,38.09,38.17,713142
2015-03-04,37.99,38.25,37.71,38.12,762834
2015-03-05,38.24,38.24,37.87,38.08,742547
2015-03-06,37.91,38.07,37.36,37.49,726424
2015-03-09,37.45,37.94,37.33,37.83,563493
2015-03-10,37.49,37.67,37.14,37.15,856493
2015-03-11,37.31,37.62,37.24,37.41,750686
2015-03-12,37.61,38.25,37.61,38.04,994331
2015-03-13,38.04,38.28,37.58,37.9,795876
2015-03-16,38.12,38.44,37.96,38.38,676569
2015-03-17,38.29,38.58,38.02,38.46,605503
2015-03-18,38.41,39.25,38.09,39.02,871569
2015-03-19,38.93,39.05,38.52,38.72,676992
2015-03-20,38.84,38.9,38.47,38.5,1171797
2015-03-23,38.51,39.13,38.43,38.93,684589
2015-03-24,38.84,38.93,38.62,38.76,544944
2015-03-25,38.78,38.79,38.06,38.06,686018
2015-03-26,37.96,38.12,37.72,37.88,888741
2015-03-27,37.8,38.08,37.7,37.75,693629
2015-03-30,37.86,38.43,37.86,38.39,846849
2015-03-31,38.17,38.48,38.12,38.15,660443
2015-04-01,38.06,38.11,37.6,37.96,854346
2015-04-02,38.0,38.3,37.99,38.14,439332
2015-04-06,37.87,38.34,37.76,38.15,705311
2015-04-07,38.15,38.36,37.97,38.18,614980
2015-04-08,38.17,38.56,38.1,38.5,1075245
2015-04-09,38.53,38.64,37.99,38.27,799067
2015-04-10,38.19,38.38,38.09,38.26,529840
2015-04-13,38.18,38.41,37.91,37.97,526222
2015-04-14,37.91,38.07,37.65,37.89,671302
2015-04-15,38.11,38.24,37.69,38.08,3191510
2015-04-16,37.95,38.62,37.88,38.45,960881
2015-04-17,38.19,38.36,37.78,38.11,758684
2015-04-20,38.29,38.47,38.16,38.16,357266
2015-04-21,38.29,38.48,38.02,38.1,933965
2015-04-22,38.22,38.31,37.9,38.26,530260
2015-04-23,38.23,38.76,38.22,38.58,511136
2015-04-24,38.59,38.65,38.18,38.44,983874
2015-04-27,38.54,38.55,38.14,38.23,896258
2015-04-28,38.2,38.46,37.84,38.39,863633
2015-04-29,38.71,40.77,38.71,40.22,4252034
2015-04-30,40.15,40.64,39.52,39.56,1720866
2015-05-01,39.72,40.13,39.52,39.86,802306
2015-05-04,40.0,40.56,39.96,40.29,989470
2015-05-05,40.23,40.49,40.02,40.21,1104564
2015-05-06,40.37,40.66,40.21,40.55,1189644
2015-05-07,40.58,40.73,40.37,40.66,854560
2015-05-08,41.02,41.47,40.97,41.11,792130
2015-05-11,41.02,41.42,40.96,40.98,565448
2015-05-12,40.77,41.17,40.52,41.08,702818
2015-05-13,41.1,41.39,40.94,41.0,644778
2015-05-14,41.28,41.34,40.92,41.33,730703
2015-05-15,41.39,41.58,41.14,41.4,894270
2015-05-18,41.37,41.97,41.21,41.91,683166
2015-05-19,41.87,42.08,41.7,41.92,543955
2015-05-20,42.15,42.16,41.61,41.84,845141
2015-05-21,41.82,41.95,41.6,41.68,456456
2015-05-22,41.78,41.82,41.42,41.5,608808
2015-05-26,41.35,41.45,40.6,40.78,1371629
2015-05-27,40.83,41.48,40.77,41.33,753957
2015-05-28,41.31,41.38,40.83,41.23,693578
2015-05-29,41.24,41.29,40.8,41.2,1014192
2015-06-01,41.32,41.5,40.7,41.18,839087
2015-06-02,41.08,41.36,40.7,41.3,514236
2015-06-03,41.37,41.7,41.31,41.59,521066
2015-06-04,41.34,41.41,40.98,41.07,562401
2015-06-05,41.07,41.47,40.8,41.44,713650
2015-06-08,41.37,41.4,40.89,40.96,387904
2015-06-09,40.93,41.09,40.7,40.88,849161
2015-06-10,41.09,41.95,40.91,41.74,888363
2015-06-11,41.87,41.96,41.6,41.86,647268
2015-06-12,41.66,41.88,41.53,41.6,592930
2015-06-15,41.18,41.29,40.85,41.16,722736
2015-06-16,41.07,41.81,40.97,41.75,829472
2015-06-17,41.82,42.0,41.52,41.75,627724
2015-06-18,41.81,42.49,41.81,42.44,782504
2015-06-19,42.43,42.67,42.23,42.33,1095688
2015-06-22,42.65,43.0,42.49,42.69,620899
2015-06-23,42.77,42.87,42.44,42.53,703330
2015-06-24,42.43,42.57,42.19,42.35,907511
2015-06-25,42.41,42.63,42.3,42.5,531823
2015-06-26,42.54,42.76,42.4,42.72,1706698
2015-06-29,42.38,42.57,41.63,41.75,1867722
2015-06-30,42.07,42.08,41.57,41.77,1296689
2015-07-01,42.08,42.2,41.88,42.02,975137
2015-07-02,42.1,42.1,41.71,41.95,672041
2015-07-06,41.53,42.18,41.52,42.05,622362
2015-07-07,42.17,42.22,41.58,42.16,1001925
2015-07-08,41.82,41.96,41.42,41.52,721665
2015-07-09,42.09,42.12,41.66,41.74,764683
2015-07-10,42.18,42.44,41.95,42.34,659652
2015-07-13,42.5,42.78,42.39,42.7,612680
2015-07-14,42.67,43.22,42.48,43.12,651255
2015-07-15,43.15,43.25,42.93,43.19,629166
2015-07-16,43.43,43.9,43.21,43.85,843830
2015-07-17,43.85,43.99,43.53,43.97,884390
2015-07-20,44.07,44.74,43.9,44.72,1320996
2015-07-21,44.65,45.34,44.59,45.28,2508270
2015-07-22,45.12,45.47,44.8,44.96,1419801
2015-07-23,45.04,45.1,44.27,44.51,1461994
2015-07-24,44.55,44.76,44.25,44.72,1207294
2015-07-27,44.43,44.55,43.76,43.94,1357837
2015-07-28,44.3,45.06,43.91,44.78,1378189
2015-07-29,45.41,47.77,45.14,46.83,3338974
2015-07-30,46.18,46.48,45.44,46.24,1613615
2015-07-31,46.36,46.43,45.98,46.22,1268189
2015-08-03,46.29,46.56,45.93,46.54,1372511
2015-08-04,46.5,47.2,46.5,47.07,1258442
2015-08-05,47.25,47.71,47.1,47.54,1407750
2015-08-06,47.55,47.69,46.58,46.72,793763
2015-08-07,46.72,46.96,46.4,46.95,1122081
2015-08-10,47.25,47.68,47.19,47.36,1002648
2015-08-11,47.0,47.21,46.68,47.07,872567
2015-08-12,46.76,47.37,46.44,47.26,897059
2015-08-13,47.31,47.71,47.23,47.47,499083
2015-08-14,47.47,48.22,47.38,48.14,780641
2015-08-17,48.0,48.41,47.66,48.23,732859
2015-08-18,48.31,48.67,48.09,48.64,760533
2015-08-19,48.5,48.65,48.05,48.32,1336112
2015-08-20,48.03,48.15,47.46,47.47,741122
2015-08-21,47.02,47.15,45.63,45.67,1151059
2015-08-24,43.49,44.96,42.54,43.38,2282360
2015-08-25,44.56,44.56,42.59,42.63,2058796
2015-08-26,43.66,44.77,42.99,44.71,1438988
2015-08-27,45.33,46.04,44.89,46.02,1927778
2015-08-28,45.78,46.38,45.52,46.36,910320
2015-08-31,46.18,46.3,45.8,45.83,1065599
2015-09-01,44.7,45.1,44.07,44.34,1305943
2015-09-02,44.83,45.23,44.47,45.23,717449
2015-09-03,45.31,45.86,45.12,45.62,942987
2015-09-04,45.05,45.28,44.62,44.88,773843
2015-09-08,45.66,46.35,45.45,46.28,1204495
2015-09-09,46.81,46.91,45.68,45.8,1164823
2015-09-10,45.73,46.55,45.53,46.25,679930
2015-09-11,46.01,46.7,45.87,46.66,648183
2015-09-14,46.7,46.93,46.5,46.7,865020
2015-09-15,46.81,47.58,46.73,47.49,930622
2015-09-16,47.44,47.67,47.16,47.61,1465255
2015-09-17,47.62,48.08,47.35,47.48,845907
2015-09-18,46.87,47.1,46.31,46.31,5344063
2015-09-21,46.74,47.39,46.46,47.15,1406637
2015-09-22,46.57,46.72,46.26,46.65,1137121
2015-09-23,46.76,46.99,46.43,46.75,927669
2015-09-24,46.26,46.82,45.95,46.75,1241352
2015-09-25,47.21,47.29,46.2,46.52,1935916
2015-09-28,46.19,46.38,44.75,44.77,1461372
2015-09-29,44.95,45.23,44.56,44.9,1820048
2015-09-30,45.43,45.76,44.89,45.43,1855062
2015-10-01,45.59,46.0,45.01,45.82,1690232
2015-10-02,44.95,46.23,43.91,46.21,1191187
2015-10-05,46.57,46.99,46.3,46.59,1425321
2015-10-06,46.55,46.79,46.23,46.36,1392856
2015-10-07,46.82,47.25,46.62,47.07,1459774
2015-10-08,47.03,47.7,46.83,47.65,1191820
2015-10-09,47.74,48.58,47.7,48.2,1422833
2015-10-12,48.32,49.18,48.2,48.97,1466098
2015-10-13,48.84,49.22,48.65,48.67,1366844
2015-10-14,48.71,48.86,47.99,48.02,1574920
2015-10-15,48.35,48.7,48.2,48.44,1713636
2015-10-16,48.57,49.12,48.53,49.0,1283176
2015-10-19,48.93,49.87,48.84,49.81,1374706
2015-10-20,49.79,49.87,49.2,49.48,909649
2015-10-21,49.69,49.79,48.89,48.94,1163671
2015-10-22,49.38,50.45,49.33,50.32,998756
2015-10-23,50.67,51.24,50.54,51.22,1400881
2015-10-26,51.27,51.33,50.76,51.19,952463
2015-10-27,50.97,51.67,50.55,51.65,1891494
2015-10-28,51.55,54.78,51.55,54.72,3808245
2015-10-29,54.67,55.0,54.03,54.19,2331519
2015-10-30,54.0,54.2,52.44,52.45,3519083
2015-11-02,52.65,52.87,52.21,52.74,2813029
2015-11-03,52.72,52.74,52.3,52.51,1905563
2015-11-04,52.56,52.84,52.12,52.53,1787335
2015-11-05,52.56,52.86,52.22,52.43,1804226
2015-11-06,52.43,52.66,52.06,52.66,1918711
2015-11-09,52.43,52.63,51.81,52.07,2234956
2015-11-10,51.95,53.38,51.85,53.35,2143598
2015-11-11,53.5,54.33,53.13,53.56,1782706
2015-11-12,53.28,53.78,52.99,53.07,1460538
2015-11-13,52.96,53.5,52.63,52.89,1337027
2015-11-16,52.74,52.88,52.43,52.87,1448521
2015-11-17,53.04,53.82,52.83,53.58,1250606
2015-11-18,53.77,54.4,53.28,54.36,884891
2015-11-19,54.38,54.69,54.14,54.48,1114644
2015-11-20,54.8,55.26,54.72,55.09,1153400
2015-11-23,55.88,55.88,55.28,55.72,1617569
2015-11-24,55.58,55.58,54.88,55.35,896874
2015-11-25,55.37,55.95,55.36,55.63,646364
2015-11-27,55.64,56.02,55.44,55.93,276320
2015-11-30,56.2,56.38,55.79,55.96,1368172
2015-12-01,56.33,56.48,55.81,56.37,1895742
2015-12-02,56.39,56.48,55.89,55.98,1684428
2015-12-03,56.08,56.42,54.92,55.17,1782617
2015-12-04,55.21,56.5,55.21,56.23,1408285
2015-12-07,56.23,56.53,55.69,55.84,1234480
2015-12-08,55.36,56.34,55.32,56.14,1235760
2015-12-09,55.8,56.15,54.9,55.3,2128893
2015-12-10,55.39,56.69,55.05,56.09,1553438
2015-12-11,55.2,55.35,53.58,53.74,1927791
2015-12-14,53.89,54.94,53.8,54.89,1383530
2015-12-15,55.35,56.13,55.08,55.74,1126624
2015-12-16,56.1,56.28,54.54,55.88,1395835
2015-12-17,56.05,56.15,52.77,52.79,2803341
2015-12-18,52.54,52.7,50.87,51.01,7506248
2015-12-21,51.48,51.71,50.72,51.33,1948901
2015-12-22,51.49,51.72,50.02,50.7,2107867
2015-12-23,50.93,51.2,50.41,50.95,1320366
2015-12-24,51.01,51.23,50.74,50.96,547193
2015-12-28,50.76,50.89,50.14,50.75,843384
2015-12-29,50.94,51.37,50.73,51.0,1200685
2015-12-30,50.99,51.18,50.13,50.15,1496608
2015-12-31,50.03,50.42,49.53,49.8,1066689
2016-01-04,48.96,48.98,47.69,48.24,1890114
2016-01-05,49.16,49.16,48.13,48.55,2579759
2016-01-06,47.73,48.42,47.72,47.9,1339363
2016-01-07,46.53,47.43,46.35,46.45,2206095
2016-01-08,46.75,46.85,45.42,45.53,2177687
2016-01-11,45.89,46.03,44.96,45.46,1836323
2016-01-12,46.04,46.62,45.66,46.5,2231736
2016-01-13,46.66,46.84,44.68,44.95,2405839
2016-01-14,45.02,46.14,44.76,45.86,1789166
2016-01-15,44.7,45.63,44.56,45.28,2793968
2016-01-19,45.94,46.27,44.85,45.11,1833256
2016-01-20,44.38,45.22,42.96,44.86,2007387
2016-01-21,44.92,46.15,44.65,45.19,1836278
2016-01-22,46.04,46.27,45.23,45.48,2093957
2016-01-25,45.47,45.85,44.71,45.23,2546314
2016-01-26,45.33,46.38,45.13,46.0,1982703
2016-01-27,40.04,42.0,38.75,39.22,7439482
2016-01-28,39.91,40.22,37.76,37.96,4692515
2016-01-29,37.99,40.2,37.57,40.16,4327042
2016-02-01,39.84,40.28,39.51,40.03,3294384
2016-02-02,39.67,39.69,38.88,38.97,2181042
2016-02-03,39.22,39.29,38.43,38.98,2060621
2016-02-04,38.94,39.91,38.87,39.73,2338372
2016-02-05,39.53,39.82,38.64,38.85,2895270
2016-02-08,38.08,38.48,37.47,38.35,2136434
2016-02-09,37.79,39.21,37.78,38.51,1531257
2016-02-10,38.76,39.65,38.63,38.97,1526442
2016-02-11,38.05,38.74,37.65,38.46,1948534
2016-02-12,39.1,39.56,38.73,39.38,1715383
2016-02-16,39.94,41.07,39.72,40.83,2455666
2016-02-17,41.23,42.09,41.08,41.85,1936242
2016-02-18,41.93,42.13,41.27,41.57,1622600
2016-02-19,41.56,42.95,41.27,42.79,2188192
2016-02-22,43.29,43.68,43.0,43.15,2192767
2016-02-23,42.9,43.37,42.11,42.51,1843852
2016-02-24,42.12,43.74,41.68,43.7,1912516
2016-02-25,43.75,44.48,43.64,44.47,1736568
2016-02-26,44.62,44.96,44.13,44.48,1213970
2016-02-29,44.34,44.65,43.57,43.58,1541322
2016-03-01,44.01,44.67,43.6,44.66,1175864
2016-03-02,44.72,44.94,44.02,44.65,865790
2016-03-03,45.08,45.94,44.95,45.86,1223707
2016-03-04,45.86,45.86,45.23,45.41,1578416
2016-03-07,45.1,45.37,44.36,44.83,1258396
2016-03-08,44.27,44.52,43.63,43.88,1432634
2016-03-09,44.26,44.52,43.83,44.48,1329893
2016-03-10,44.67,45.13,43.67,44.16,820337
2016-03-11,44.6,44.89,44.34,44.79,1052368
2016-03-14,44.76,44.93,44.36,44.78,904425
2016-03-15,44.42,44.59,44.22,44.44,731439
2016-03-16,44.2,45.57,44.15,45.35,1550864
2016-03-17,45.27,45.62,45.02,45.32,1006051
2016-03-18,45.46,45.64,44.99,45.0,2607176
2016-03-21,44.88,45.84,44.71,45.75,1003914
2016-03-22,45.5,46.17,45.24,45.94,880315
2016-03-23,45.83,46.33,45.63,46.2,985506
2016-03-24,46.02,46.14,45.32,45.98,981721
2016-03-28,46.0,46.15,45.61,45.68,686182
2016-03-29,45.69,46.9,45.62,46.85,1038523
2016-03-30,47.04,47.19,46.5,46.75,732509
2016-03-31,46.82,47.72,46.53,47.58,1220281
2016-04-01,47.2,48.6,47.07,48.5,1082879
2016-04-04,48.6,48.82,48.31,48.41,928513
2016-04-05,47.95,48.59,47.79,47.9,919160
2016-04-06,47.8,48.55,47.78,48.49,1073098
2016-04-07,48.25,48.78,47.86,48.31,1496893
2016-04-08,48.54,49.01,48.34,48.51,836276
2016-04-11,49.42,49.86,49.03,49.1,1825517
2016-04-12,49.18,49.47,48.81,49.44,1263148
2016-04-13,49.35,49.74,48.97,49.73,1303440
2016-04-14,49.81,49.9,49.32,49.35,1171515
2016-04-15,49.42,49.83,49.22,49.67,1089113
2016-04-18,49.62,50.78,49.4,50.68,1159290
2016-04-19,51.0,51.22,50.34,50.81,1014290
2016-04-20,50.85,51.61,50.74,51.33,1274026
2016-04-21,51.28,51.28,50.67,50.68,1767926
2016-04-22,50.35,51.2,50.35,51.0,1705411
2016-04-25,50.86,51.86,50.56,51.51,1502183
2016-04-26,51.56,52.07,51.23,51.93,1540477
2016-04-27,54.53,55.56,51.61,52.69,4034788
2016-04-28,52.58,52.91,51.33,51.59,1850820
2016-04-29,51.51,51.53,50.11,51.14,2532371
2016-05-02,51.37,51.98,50.92,51.64,1868962
2016-05-03,51.19,51.47,50.6,51.14,1545986
2016-05-04,50.86,51.54,50.77,51.41,1200445
2016-05-05,51.52,51.98,51.23,51.57,1567750
2016-05-06,51.54,52.3,51.44,52.28,1101120
2016-05-09,52.25,53.06,52.12,52.84,1747778
2016-05-10,52.95,53.31,52.64,53.23,1611890
2016-05-11,53.25,53.79,53.01,53.26,897830
2016-05-12,53.39,53.51,52.7,53.28,913286
2016-05-13,53.35,53.49,52.75,52.83,852750
2016-05-16,52.78,53.31,52.52,53.15,991800
2016-05-17,53.07,53.84,52.99,53.44,2132212
2016-05-18,53.41,53.82,52.94,53.5,1089093
2016-05-19,53.43,53.74,52.74,53.33,847648
2016-05-20,53.76,54.24,53.57,54.09,1124333
2016-05-23,54.09,54.17,53.69,53.94,798202
2016-05-24,54.2,54.87,54.01,54.81,895507
2016-05-25,54.85,54.95,53.44,53.55,1954338
2016-05-26,53.65,53.96,53.56,53.64,854602
2016-05-27,53.52,53.99,53.35,53.9,831593
2016-05-31,54.03,54.2,53.47,53.7,1689454
2016-06-01,53.42,53.82,53.15,53.69,1287547
2016-06-02,53.67,54.0,53.38,53.93,1075840
2016-06-03,53.63,53.86,53.06,53.47,1071167
2016-06-06,53.55,53.75,53.32,53.5,675140
2016-06-07,53.58,53.95,53.47,53.72,1300826
2016-06-08,53.64,53.9,53.37,53.75,1061086
2016-06-09,53.53,53.67,53.08,53.37,1536528
2016-06-10,52.98,53.11,52.45,52.52,873884
2016-06-13,52.31,52.66,51.4,51.56,2483030
2016-06-14,51.34,52.06,51.15,51.98,1688976
2016-06-15,52.09,52.44,51.7,52.01,1061719
2016-06-16,51.79,52.44,51.42,52.35,1013448
2016-06-17,52.36,52.54,51.72,52.4,1496599
2016-06-20,52.94,53.67,52.92,53.01,786410
2016-06-21,53.05,53.36,52.63,52.72,1403748
2016-06-22,52.69,52.94,52.32,52.39,928415
2016-06-23,52.88,52.88,52.24,52.78,794469
2016-06-24,51.05,52.01,50.36,50.47,2070845
2016-06-27,49.98,50.0,49.04,49.25,1038679
2016-06-28,49.73,50.99,49.68,50.81,1802106
2016-06-29,51.13,51.47,50.85,51.32,1279007
2016-06-30,51.47,53.17,51.44,53.11,1712063
2016-07-01,53.16,53.3,52.73,52.85,952174
2016-07-05,52.71,52.73,52.25,52.64,729041
2016-07-06,52.4,52.61,52.21,52.57,881590
2016-07-07,52.49,52.87,52.38,52.61,1050233
2016-07-08,53.06,54.05,52.89,54.01,911941
2016-07-11,54.36,54.58,54.24,54.28,602697
2016-07-12,54.56,54.82,54.48,54.72,694086
2016-07-13,54.81,55.11,54.58,54.62,526656
2016-07-14,55.09,55.25,54.81,54.88,678921
2016-07-15,55.05,55.15,54.67,54.75,685402
2016-07-18,54.79,54.97,54.65,54.89,609128
2016-07-19,54.66,55.21,54.66,55.06,663030
2016-07-20,55.26,55.76,55.2,55.62,825570
2016-07-21,55.62,55.7,54.75,54.97,684140
2016-07-22,55.09,55.56,54.81,55.56,733327
2016-07-25,55.47,55.96,55.23,55.95,918613
2016-07-26,55.97,56.54,55.78,56.43,1530912
2016-07-27,53.84,54.39,50.73,51.33,4707794
2016-07-28,51.4,52.32,50.92,52.3,2674662
2016-07-29,52.37,52.37,50.73,50.92,1834364
2016-08-01,50.85,50.89,49.62,49.79,2339273
2016-08-02,49.55,49.85,48.48,48.57,2412578
2016-08-03,48.56,49.46,48.36,49.46,1476775
2016-08-04,49.5,50.07,48.85,48.98,2074715
2016-08-05,49.19,49.79,49.11,49.32,1585406
2016-08-08,49.3,49.51,48.48,48.57,1657426
2016-08-09,48.57,48.79,48.23,48.29,1493867
2016-08-10,48.41,48.77,47.99,48.64,1532791
2016-08-11,48.7,48.97,48.44,48.54,1055166
2016-08-12,48.69,49.2,48.01,48.83,1671570
2016-08-15,48.83,48.89,48.04,48.17,1133937
2016-08-16,48.0,48.02,47.28,47.65,1678116
2016-08-17,47.64,48.24,47.42,48.12,1676943
2016-08-18,48.27,48.77,48.15,48.26,1668505
2016-08-19,48.08,48.46,48.03,48.25,994300
2016-08-22,48.08,48.52,47.99,48.5,827747
2016-08-23,48.71,48.79,48.48,48.61,813976
2016-08-24,48.53,48.69,47.99,48.09,1200149
2016-08-25,48.06,48.35,47.93,48.28,599216
2016-08-26,48.38,48.99,48.16,48.56,1137848
2016-08-29,48.56,49.16,48.45,48.92,1052010
2016-08-30,48.76,49.2,48.53,49.18,770072
2016-08-31,49.14,49.35,48.88,49.25,934175
2016-09-01,49.32,50.14,49.13,49.86,1365761
2016-09-02,50.31,51.1,50.06,50.86,1453907
2016-09-06,50.83,50.93,49.93,50.21,1101711
2016-09-07,50.02,50.47,49.85,50.4,1558973
2016-09-08,50.23,50.52,50.06,50.24,1278438
2016-09-09,49.88,50.28,49.08,49.08,2069127
2016-09-12,48.77,49.22,48.36,49.14,1734820
2016-09-13,48.78,48.8,47.95,48.19,1016517
2016-09-14,48.16,48.35,47.38,47.49,1467709
2016-09-15,47.45,48.1,47.17,47.98,1894317
2016-09-16,47.79,47.79,46.9,47.06,2010552
2016-09-19,47.23,47.32,46.45,46.65,1832038
2016-09-20,46.82,46.95,46.37,46.58,1099735
2016-09-21,46.68,47.32,46.62,47.27,1077851
2016-09-22,47.44,47.71,47.15,47.56,1085034
2016-09-23,47.39,47.44,47.19,47.31,804895
2016-09-26,46.96,47.37,46.76,47.1,998635
2016-09-27,46.99,47.67,46.99,47.39,955826
2016-09-28,47.45,47.78,46.93,47.74,829080
2016-09-29,47.67,47.67,46.7,46.72,1278026
2016-09-30,46.85,47.36,46.47,47.15,1862688
2016-10-03,46.93,47.94,46.89,47.82,1771857
2016-10-04,47.94,48.41,47.12,47.19,1962179
2016-10-05,47.41,49.12,47.25,48.65,3437707
2016-10-06,48.39,48.39,47.71,48.01,2013334
2016-10-07,48.13,48.22,46.92,47.29,1908674
2016-10-10,47.51,47.87,47.28,47.3,568946
2016-10-11,47.3,47.3,46.5,46.85,1406304
2016-10-12,46.96,47.74,46.64,47.62,1422115
2016-10-13,47.19,47.21,46.22,46.77,1031865
2016-10-14,47.11,47.79,47.08,47.2,970297
2016-10-17,47.2,47.35,46.88,47.01,478978
2016-10-18,47.41,48.52,47.41,48.31,1638463
2016-10-19,48.47,48.64,48.17,48.17,1018614
2016-10-20,48.04,48.11,47.66,47.8,789779
2016-10-21,47.55,47.86,47.22,47.71,1216104
2016-10-24,47.31,48.66,46.92,48.3,1657282
2016-10-25,48.03,48.55,47.82,48.23,1665881
2016-10-26,50.25,51.87,50.0,50.96,3358775
2016-10-27,51.09,51.09,49.99,50.09,2109996
2016-10-28,50.27,50.63,49.71,50.07,1566500
2016-10-31,50.25,50.37,49.62,49.88,1261594
2016-11-01,50.05,50.05,48.97,49.32,1022367
2016-11-02,49.14,49.2,48.32,48.71,1507588
2016-11-03,48.74,48.89,48.4,48.54,838737
2016-11-04,48.47,49.53,48.45,48.98,1843204
2016-11-07,49.53,49.81,49.02,49.38,1541332
2016-11-08,49.24,49.88,49.14,49.68,1087803
2016-11-09,49.19,50.84,49.05,50.58,1737749
2016-11-10,50.82,51.7,49.69,49.83,2365325
2016-11-11,49.5,49.58,48.74,49.25,1528641
2016-11-14,49.46,49.61,48.29,48.73,1361713
2016-11-15,48.95,49.68,48.88,49.29,1313350
2016-11-16,49.26,50.1,48.91,50.0,919333
2016-11-17,50.18,50.48,49.9,50.22,1078609
2016-11-18,50.24,50.47,50.15,50.32,885270
2016-11-21,50.5,51.04,50.2,51.01,1103220
2016-11-22,50.87,51.38,50.76,51.33,998032
2016-11-23,51.22,51.54,51.08,51.54,712625
2016-11-25,51.56,51.9,51.44,51.61,277077
2016-11-28,51.54,51.93,51.01,51.22,943308
2016-11-29,51.28,51.35,50.58,50.6,847187
2016-11-30,50.55,50.57,49.22,49.22,1481897
2016-12-01,49.22,49.4,47.01,47.59,1986716
2016-12-02,47.52,48.26,47.46,48.03,1088358
2016-12-05,48.25,48.95,48.17,48.72,1046945
2016-12-06,48.88,48.94,48.1,48.23,821790
2016-12-07,48.28,48.66,47.84,48.54,1377006
2016-12-08,48.6,49.08,48.17,49.0,1244437
2016-12-09,48.99,49.66,48.82,49.65,1484418
2016-12-12,49.45,49.75,49.17,49.51,1039933
2016-12-13,49.49,49.76,49.28,49.51,965649
2016-12-14,49.34,49.89,49.33,49.4,961211
2016-12-15,49.42,49.59,48.87,48.89,1069875
2016-12-16,49.22,50.19,49.16,50.09,1887828
2016-12-19,49.93,50.49,49.77,50.11,834429
2016-12-20,50.16,50.79,49.76,50.55,1121101
2016-12-21,50.36,50.87,50.23,50.25,870687
2016-12-22,50.28,50.29,49.69,50.05,745053
2016-12-23,50.04,50.16,49.89,49.99,772166
2016-12-27,49.96,50.42,49.86,49.99,499084
2016-12-28,50.06,50.21,49.28,49.3,530313
2016-12-29,49.45,49.57,49.09,49.25,634192
2016-12-30,49.33,49.44,48.65,49.03,831783
2017-01-03,49.75,51.49,49.69,51.44,2107009
2017-01-04,51.5,52.37,51.5,52.32,1432311
2017-01-05,52.2,52.98,52.17,52.48,1213252
2017-01-06,52.55,53.25,52.31,52.97,1141419
2017-01-09,53.18,54.15,53.18,53.4,1814001
2017-01-10,53.31,53.76,52.98,53.08,1096789
2017-01-11,53.06,53.47,52.56,52.79,1473274
2017-01-12,52.76,53.33,52.34,53.25,968627
2017-01-13,53.36,54.22,53.3,53.99,1590003
2017-01-17,53.71,53.98,53.32,53.6,1016205
2017-01-18,53.67,54.36,53.45,53.79,1309123
2017-01-19,53.7,53.92,52.97,53.38,1154845
2017-01-20,53.5,53.5,52.89,53.43,1290417
2017-01-23,53.41,53.47,52.56,53.06,1792239
2017-01-24,53.15,53.29,52.65,53.19,2091812
2017-01-25,53.16,54.29,51.23,51.71,4697730
2017-01-26,51.57,51.95,51.13,51.25,2629710
2017-01-27,51.34,51.59,51.11,51.28,1045900
2017-01-30,51.32,51.32,50.54,51.27,1408162
2017-01-31,51.25,51.26,50.64,50.68,1787654
2017-02-01,51.11,51.18,49.98,50.32,2462907
2017-02-02,50.52,51.5,50.52,51.0,1871317
2017-02-03,51.03,52.96,50.93,52.87,2919830
2017-02-06,52.71,53.04,52.31,52.83,1450170
2017-02-07,52.79,53.47,52.27,53.45,1663362
2017-02-08,53.47,53.73,53.04,53.59,1410161
2017-02-09,53.7,53.87,53.25,53.69,1286039
2017-02-10,53.56,53.83,53.32,53.59,929047
2017-02-13,53.75,54.24,53.44,54.03,903401
2017-02-14,53.91,54.24,53.69,54.01,840197
2017-02-15,53.97,54.4,53.97,54.26,552384
2017-02-16,54.22,54.5,53.63,53.95,1115235
2017-02-17,53.94,54.47,53.77,54.47,892499
2017-02-21,54.57,55.26,54.3,55.05,1149931
2017-02-22,54.71,55.22,54.68,55.03,845639
2017-02-23,55.09,55.45,54.62,55.13,706665
2017-02-24,54.86,55.18,54.44,55.18,981261
2017-02-27,54.91,55.35,54.91,54.99,850821
2017-02-28,54.98,54.99,54.41,54.48,753165
2017-03-01,54.82,55.48,54.54,55.28,1138560
2017-03-02,55.1,55.32,54.76,54.87,638328
2017-03-03,54.81,55.12,54.61,54.95,2114399
2017-03-06,54.57,54.59,53.45,54.07,1455212
2017-03-07,54.14,54.57,54.07,54.26,769561
2017-03-08,54.34,54.4,53.68,54.01,925495
2017-03-09,54.02,54.27,53.7,54.16,755207
2017-03-10,54.42,55.1,54.42,54.95,1773733
2017-03-13,54.84,54.98,54.57,54.74,754158
2017-03-14,54.56,54.64,53.68,54.12,704887
2017-03-15,54.32,54.39,53.76,54.02,826998
2017-03-16,54.14,54.28,53.86,53.92,1525992
2017-03-17,54.1,54.1,53.4,53.4,1420881
2017-03-20,53.47,53.55,52.85,53.24,1163433
2017-03-21,53.32,53.32,51.86,51.9,1203080
2017-03-22,52.03,52.56,51.79,52.25,962507
2017-03-23,52.11,52.53,51.84,52.28,779949
2017-03-24,52.37,52.66,51.62,51.81,1096496
2017-03-27,51.2,51.87,50.96,51.82,1228507
2017-03-28,51.81,52.99,51.69,52.73,1929159
2017-03-29,52.73,53.09,52.57,53.01,1507741
2017-03-30,52.75,53.39,52.68,53.26,1330845
2017-03-31,53.33,53.94,53.28,53.46,1598315
2017-04-03,53.48,53.81,52.47,52.83,1054958
2017-04-04,52.71,53.02,52.31,52.65,1093385
2017-04-05,52.81,53.44,52.52,52.72,1202008
2017-04-06,52.77,53.18,52.59,52.86,764503
2017-04-07,52.79,53.32,52.64,52.68,890035
2017-04-10,52.68,53.04,52.65,52.81,826235
2017-04-11,52.64,52.64,51.9,52.25,937631
2017-04-12,51.94,52.49,51.88,52.26,1024435
2017-04-13,52.29,52.65,51.97,52.12,1445840
2017-04-17,52.33,52.78,52.2,52.76,892705
2017-04-18,52.57,53.03,52.54,52.99,930763
2017-04-19,53.16,53.92,52.96,53.52,1682678
2017-04-20,53.75,53.75,53.14,53.64,811517
2017-04-21,53.72,53.85,53.27,53.49,1439300
2017-04-24,54.0,54.26,53.35,53.81,1674066
2017-04-25,53.91,54.47,53.68,54.31,1734180
2017-04-26,55.85,58.47,55.85,58.19,5344549
2017-04-27,58.22,58.84,57.81,57.88,3338545
2017-04-28,57.87,57.87,56.86,57.31,1618593
2017-05-01,57.45,57.45,57.05,57.09,876068
2017-05-02,57.3,57.81,56.89,57.45,1418926
2017-05-03,56.83,57.59,56.3,57.5,2062369
2017-05-04,57.69,58.34,57.5,57.54,1423795
2017-05-05,57.63,57.86,57.14,57.46,969373
2017-05-08,58.47,58.84,58.0,58.3,1656876
2017-05-09,58.36,58.48,57.85,57.93,816773
2017-05-10,57.73,58.12,57.56,58.06,943236
2017-05-11,57.81,57.98,57.32,57.95,666946
2017-05-12,57.84,57.95,57.48,57.76,736439
2017-05-15,57.78,58.97,57.78,58.66,1079242
2017-05-16,58.63,58.95,58.37,58.52,1190932
2017-05-17,58.02,58.52,57.75,57.95,1637942
2017-05-18,57.86,58.31,57.58,57.77,648168
2017-05-19,58.08,58.88,57.89,58.5,771317
2017-05-22,58.66,59.46,58.33,59.43,1375843
2017-05-23,59.49,59.52,58.73,58.77,1471586
2017-05-24,58.75,59.36,58.64,59.35,831230
2017-05-25,59.72,60.21,59.44,59.64,2169613
2017-05-26,59.68,60.02,59.54,59.58,803227
2017-05-30,59.34,59.67,59.04,59.35,871927
2017-05-31,59.62,59.7,59.16,59.55,824491
2017-06-01,59.65,59.86,59.04,59.49,1999849
2017-06-02,59.48,59.63,58.73,59.23,1867230
2017-06-05,59.35,59.51,59.15,59.31,956515
2017-06-06,59.31,59.62,59.08,59.35,916875
2017-06-07,59.41,59.87,59.28,59.37,634396
2017-06-08,59.41,59.72,59.06,59.35,1204206
2017-06-09,59.46,60.64,59.27,59.47,1568424
2017-06-12,59.25,59.42,58.5,59.31,1048305
2017-06-13,59.55,60.17,59.3,59.63,787396
2017-06-14,59.79,59.89,58.85,59.24,853511
2017-06-15,58.9,59.59,58.35,59.38,890558
2017-06-16,59.14,59.22,58.67,58.95,1174912
2017-06-19,59.22,59.6,58.96,59.11,806009
2017-06-20,58.97,59.39,58.73,58.79,758272
2017-06-21,58.73,59.16,58.46,58.79,888876
2017-06-22,58.91,59.45,58.29,59.22,967335
2017-06-23,59.22,59.39,58.65,58.77,1766833
2017-06-26,59.0,59.42,58.6,58.73,771039
2017-06-27,58.62,58.78,58.26,58.43,789757
2017-06-28,58.59,58.82,58.15,58.76,744071
2017-06-29,58.77,58.77,57.54,58.02,788412
2017-06-30,58.29,58.81,58.0,58.25,1324295
2017-07-03,58.61,58.74,57.99,57.99,522856
2017-07-05,58.09,58.55,57.98,58.39,828528
2017-07-06,57.96,58.06,57.53,57.62,657829
2017-07-07,57.85,59.36,57.78,58.66,1381213
2017-07-10,58.46,59.04,58.22,58.89,757826
2017-07-11,58.93,59.59,58.42,59.4,1287665
2017-07-12,59.83,60.51,59.72,60.18,926466
2017-07-13,60.3,60.83,60.1,60.66,730920
2017-07-14,60.89,61.42,60.65,60.67,675130
2017-07-17,60.63,60.93,59.83,60.5,844661
2017-07-18,60.51,61.58,60.02,61.53,1144488
2017-07-19,61.6,61.9,61.1,61.7,1035997
2017-07-20,61.67,61.88,61.33,61.41,1214033
2017-07-21,61.35,61.64,61.13,61.57,893619
2017-07-24,61.6,62.62,61.6,62.4,1270449
2017-07-25,62.62,63.74,62.1,62.9,1717564
2017-07-26,64.23,64.94,63.2,64.02,2214116
2017-07-27,64.13,64.23,63.0,63.09,1971927
2017-07-28,63.03,63.84,62.8,63.81,855094
2017-07-31,,,63.42,63.46,754062
2017-08-01,63.78,64.14,63.39,64.0,829007
2017-08-02,63.99,64.05,63.36,63.69,1173905
2017-08-03,63.58,63.92,63.4,63.72,838896
2017-08-04,64.12,64.43,63.82,64.11,801354
2017-08-07,64.01,64.25,63.84,64.18,784883
2017-08-08,64.1,64.34,63.83,64.03,671695
2017-08-09,64.01,64.35,63.8,64.25,940656
2017-08-10,64.03,64.27,63.31,63.43,1284018
2017-08-11,63.28,63.53,62.8,63.06,945197
2017-08-14,63.55,64.11,63.22,63.84,638997
2017-08-15,63.79,64.17,63.79,64.14,579646
2017-08-16,64.42,65.44,63.89,65.41,1559967
2017-08-17,65.32,65.62,64.85,64.9,1446657
2017-08-18,65.01,65.2,64.52,64.95,958626
2017-08-21,64.89,65.92,64.68,65.88,1017483
2017-08-22,65.87,66.45,65.57,66.33,764639
2017-08-23,66.25,67.14,66.15,67.12,939436
2017-08-24,67.21,67.51,66.55,66.7,757353
2017-08-25,66.99,67.38,66.37,66.4,1033163
2017-08-28,66.72,67.7,66.62,67.5,1213235
2017-08-29,67.14,67.82,66.86,67.77,880906
2017-08-30,67.72,68.31,67.47,68.2,597568
2017-08-31,68.5,69.25,68.21,69.12,1244517
2017-09-01,69.42,69.46,68.24,68.95,1161973
2017-09-05,68.59,69.02,68.2,68.87,1232190
2017-09-06,68.9,69.36,68.54,68.92,1034092
2017-09-07,69.09,70.17,69.0,70.04,872839
2017-09-08,69.91,70.21,69.3,69.48,1717696
2017-09-11,70.02,70.62,69.59,69.75,896211
2017-09-12,69.25,69.48,68.06,68.78,2083329
2017-09-13,68.64,68.75,67.42,67.54,1569358
2017-09-14,67.22,67.53,66.91,67.16,1844290
2017-09-15,67.16,67.35,66.64,66.7,1509017
2017-09-18,66.92,66.93,66.2,66.37,1652326
2017-09-19,65.63,66.37,65.2,66.07,1877723
2017-09-20,66.17,67.55,66.1,67.45,2137681
2017-09-21,67.35,69.07,67.31,68.81,1800902
2017-09-22,68.67,69.28,68.59,69.07,1450725
2017-09-25,66.97,66.97,64.68,65.64,3642292
2017-09-26,65.82,66.47,65.57,65.74,2572818
2017-09-27,66.0,66.03,64.94,65.04,2369678
2017-09-28,65.0,65.19,64.56,65.03,2283099
2017-09-29,65.04,65.88,64.95,65.5,1325145
2017-10-02,65.71,66.14,65.44,65.56,1348959
2017-10-03,65.74,66.19,65.57,66.06,1987195
2017-10-04,66.17,66.43,65.85,66.32,881532
2017-10-05,66.43,67.03,66.28,67.01,1470767
2017-10-06,66.91,67.03,66.63,66.86,826961
2017-10-09,66.94,67.57,66.81,67.33,838859
2017-10-10,67.47,67.74,67.32,67.68,675708
2017-10-11,67.72,67.95,67.72,67.73,127221
2017-10-12,67.43,68.14,67.38,67.81,1305891
2017-10-13,68.07,68.07,67.53,67.68,685352
2017-10-16,67.89,68.01,67.21,67.68,990834
2017-10-17,67.65,67.84,67.05,67.4,598564
2017-10-18,67.65,67.89,67.12,67.16,742089
2017-10-19,66.94,67.33,66.63,67.33,828031
2017-10-20,67.66,68.33,67.57,67.88,932500
2017-10-23,68.14,68.45,67.79,68.15,1212545
2017-10-24,68.29,68.46,67.82,68.18,1135955
2017-10-25,70.6,71.63,69.85,70.42,2151854
2017-10-26,71.02,71.51,70.52,70.71,1290934
2017-10-27,70.84,71.08,70.04,70.51,1533939
2017-10-30,70.44,71.23,70.13,70.98,1420631
2017-10-31,71.13,72.29,70.85,72.05,1697241
2017-11-01,72.46,72.62,71.98,72.14,1462529
2017-11-02,72.19,72.43,71.77,72.17,886190
2017-11-03,72.17,72.49,72.05,72.26,2022896
2017-11-06,72.45,73.84,72.34,73.66,1695045
2017-11-07,73.48,73.57,71.9,72.0,1389487
2017-11-08,71.84,72.27,70.93,71.99,1205523
2017-11-09,71.26,72.33,71.03,72.23,1252108
2017-11-10,71.93,72.49,71.67,72.33,1126521
2017-11-13,72.12,73.16,71.94,72.77,771225
2017-11-14,72.68,73.77,72.25,73.41,1079662
2017-11-15,73.25,73.61,72.23,73.04,1201419
2017-11-16,73.15,74.44,73.01,74.02,1112553
2017-11-17,73.73,74.13,73.44,73.78,1007771
2017-11-20,73.93,74.17,73.31,73.38,730506
2017-11-21,73.71,74.35,73.67,74.02,840466
2017-11-22,74.15,74.33,73.59,73.77,852630
2017-11-24,74.13,74.72,74.13,74.51,264845
2017-11-27,74.31,74.53,73.74,74.05,926345
2017-11-28,74.08,74.56,73.73,74.16,1350035
2017-11-29,74.3,74.53,71.7,72.33,1536889
2017-11-30,72.65,74.58,72.34,74.36,2277600
2017-12-01,74.13,74.46,72.87,73.88,1217243
2017-12-04,74.02,74.4,72.55,73.1,1470139
2017-12-05,73.02,74.99,72.65,74.02,1221134
2017-12-06,73.95,75.2,73.47,74.81,1477448
2017-12-07,74.78,76.56,74.78,75.93,1658347
2017-12-08,76.19,77.38,75.98,76.58,1573927
2017-12-11,75.51,76.67,74.99,76.62,1081059
2017-12-12,77.0,77.2,76.24,77.0,868706
2017-12-13,77.23,77.56,76.22,76.5,929681
2017-12-14,76.5,77.11,76.36,76.63,1075554
2017-12-15,77.12,77.87,76.65,77.81,2277536
2017-12-18,78.01,79.47,77.63,79.01,1457063
2017-12-19,79.19,80.23,79.0,79.67,1840231
2017-12-20,79.91,80.51,79.5,79.99,1398524
2017-12-21,80.1,80.29,78.43,78.56,1100621
2017-12-22,78.95,79.9,78.48,78.8,1066341
2017-12-26,78.81,79.29,78.22,79.11,780232
2017-12-27,78.95,79.33,78.68,79.3,816288
2017-12-28,79.69,79.74,79.13,79.7,527233
2017-12-29,79.72,79.82,78.94,79.09,654688
2018-01-02,79.26,79.52,78.11,78.48,1142593
2018-01-03,78.86,79.07,78.06,78.78,1741680
2018-01-04,79.25,80.13,79.11,79.42,1033555
2018-01-05,79.57,79.99,79.32,79.94,1467637
2018-01-08,79.72,81.24,79.66,81.14,1338671
2018-01-09,81.1,81.45,80.08,80.69,1349226
2018-01-10,81.63,81.88,80.39,81.49,1429069
2018-01-11,81.51,82.41,81.39,82.18,1021294
2018-01-12,82.44,82.57,81.73,82.0,616300
2018-01-16,82.19,82.91,81.78,82.22,1095132
2018-01-17,82.81,83.16,82.2,82.94,1101932
2018-01-18,83.09,83.23,82.59,82.73,1000769
2018-01-19,82.9,83.43,82.81,83.25,672568
2018-01-22,83.33,83.84,83.1,83.75,1202865
2018-01-23,83.53,83.95,82.84,83.92,1402885
2018-01-24,85.38,87.96,85.38,87.28,3102450
2018-01-25,87.65,89.03,86.45,88.28,1969576
2018-01-26,88.76,89.26,88.09,88.94,1292093
2018-01-29,88.87,89.14,87.3,87.43,1812548
2018-01-30,86.98,88.49,86.12,87.68,1973380
2018-01-31,88.13,89.92,87.98,88.86,1642388
2018-02-01,88.28,89.05,88.16,88.42,1302163
2018-02-02,87.86,89.05,86.7,86.83,2023772
2018-02-05,86.51,87.41,84.21,84.24,2164610
2018-02-06,83.49,85.43,82.15,85.12,2141321
2018-02-07,85.08,86.7,84.88,85.37,1505266
2018-02-08,85.54,85.63,81.14,81.17,2087429
2018-02-09,81.6,83.85,80.33,83.35,1916697
2018-02-12,83.98,84.51,83.23,84.04,1637644
2018-02-13,83.54,85.12,83.54,84.98,1228331
2018-02-14,84.55,84.9,84.06,84.62,1423223
2018-02-15,85.33,86.49,84.2,86.25,1037441
2018-02-16,86.21,87.67,85.59,87.08,1403640
2018-02-20,86.81,87.76,86.65,87.01,795435
2018-02-21,86.89,88.09,86.54,86.56,753420
2018-02-22,87.05,88.08,86.52,86.8,886832
2018-02-23,87.48,88.9,86.82,88.82,1512797
2018-02-26,89.15,89.51,88.28,88.85,839911
2018-02-27,88.71,89.14,87.78,87.99,1225169
2018-02-28,88.18,89.62,87.95,87.95,1306694
2018-03-01,87.77,88.53,86.55,87.22,1057700
